mmm_timeseries_id,iso_year,iso_week,google_paid_search_spend,google_shopping_spend,google_pmax_spend,google_display_spend,google_video_spend,meta_facebook_spend,meta_instagram_spend,meta_other_spend,tiktok_spend,google_paid_search_clicks,google_shopping_clicks,google_pmax_clicks,google_display_clicks,google_video_clicks,meta_facebook_clicks,meta_instagram_clicks,meta_other_clicks,tiktok_clicks,direct_clicks,branded_search_clicks,organic_search_clicks,email_clicks,referral_clicks,all_other_clicks,google_paid_search_impressions,google_shopping_impressions,google_pmax_impressions,google_display_impressions,google_video_impressions,meta_facebook_impressions,meta_instagram_impressions,meta_other_impressions,tiktok_impressions,first_purchases,first_purchases_units,first_purchases_original_price,first_purchases_gross_discount,all_purchases,all_purchases_units,all_purchases_original_price,all_purchases_gross_discount,n_days,organisation_id,organisation_vertical,organisation_subvertical,organisation_marketing_sources,organisation_primary_territory_name,territory_name,currency_code,week_start,t,sin_1,cos_1,sin_2,cos_2,nonpaid_clicks
0349b43cddf6e720b5d582afc8cd7fd6,2021,30,163.87,678.1899999999999,0.0,0.0,0.0,683.33,0.0,0.0,0.0,125.0,662.0,0.0,0.0,0.0,587.0,0.0,0.0,0.0,330.0,82.0,284.0,42.0,24.0,202.0,2385.0,41466.0,0.0,0.0,0.0,14840.0,0.0,0.0,0.0,84,120,7012.0,317.7,91,131,7521.0,359.55,7,4a762f02ca755b22d37393e8dbeab1a6,Apparel,Undergarments,"Google, Meta, Tiktok",US,US,USD,2021-07-26,0,0.0,1.0,0.0,1.0,964.0
0349b43cddf6e720b5d582afc8cd7fd6,2021,31,319.75,1451.51,0.0,0.0,0.0,1420.27,0.0,0.0,0.0,266.0,1534.0,0.0,0.0,0.0,1108.0,0.0,0.0,0.0,553.0,87.0,376.0,82.0,27.0,225.0,4274.0,78766.0,0.0,0.0,0.0,31405.0,0.0,0.0,0.0,191,247,13652.0,524.5,200,260,14174.0,566.3,7,4a762f02ca755b22d37393e8dbeab1a6,Apparel,Undergarments,"Google, Meta, Tiktok",US,US,USD,2021-08-02,1,0.12053668025532305,0.992708874098054,0.23931566428755774,0.970941817426052,1350.0
0349b43cddf6e720b5d582afc8cd7fd6,2021,32,349.78999999999996,1904.17,0.0,0.0,0.0,1893.06,0.0,0.0,0.0,292.0,2045.0,0.0,0.0,0.0,1164.0,0.0,0.0,0.0,530.0,251.0,1012.0,40.0,44.0,354.0,5080.0,103439.0,0.0,0.0,0.0,37314.0,0.0,0.0,0.0,235,329,17452.0,665.48,250,353,18388.0,778.44,7,4a762f02ca755b22d37393e8dbeab1a6,Apparel,Undergarments,"Google, Meta, Tiktok",US,US,USD,2021-08-09,2,0.23931566428755774,0.970941817426052,0.4647231720437685,0.8854560256532099,2231.0
0349b43cddf6e720b5d582afc8cd7fd6,2021,33,291.21,2145.83,0.0,0.0,0.0,1488.72,0.0,0.0,0.0,250.0,2476.0,0.0,0.0,0.0,855.0,0.0,0.0,0.0,522.0,157.0,547.0,64.0,38.0,245.0,3576.0,112490.0,0.0,0.0,0.0,31268.0,0.0,0.0,0.0,232,315,16109.0,638.5,247,341,17084.0,775.58,7,4a762f02ca755b22d37393e8dbeab1a6,Apparel,Undergarments,"Google, Meta, Tiktok",US,US,USD,2021-08-16,3,0.3546048870425356,0.9350162426854148,0.6631226582407952,0.7485107481711011,1573.0
0349b43cddf6e720b5d582afc8cd7fd6,2021,34,243.88,2786.92,0.0,0.0,0.0,1075.39,0.0,0.0,0.0,203.0,2934.0,0.0,0.0,0.0,549.0,0.0,0.0,0.0,515.0,156.0,526.0,55.0,43.0,561.0,3585.0,138320.0,0.0,0.0,0.0,18074.0,0.0,0.0,0.0,249,321,17452.0,708.42,261,338,18066.0,785.0,7,4a762f02ca755b22d37393e8dbeab1a6,Apparel,Undergarments,"Google, Meta, Tiktok",US,US,USD,2021-08-23,4,0.4647231720437685,0.8854560256532099,0.8229838658936564,0.5680647467311558,1856.0
0349b43cddf6e720b5d582afc8cd7fd6,2021,35,196.28,1581.81,0.0,0.0,0.0,553.89,0.0,0.0,0.0,168.0,2278.0,0.0,0.0,0.0,390.0,0.0,0.0,0.0,396.0,105.0,371.0,45.0,41.0,319.0,2735.0,100694.0,0.0,0.0,0.0,12106.0,0.0,0.0,0.0,185,238,12827.21,414.37,198,254,13586.21,482.55,7,4a762f02ca755b22d37393e8dbeab1a6,Apparel,Undergarments,"Google, Meta, Tiktok",US,US,USD,2021-08-30,5,0.5680647467311558,0.8229838658936564,0.9350162426854148,0.35460488704253557,1277.0
0349b43cddf6e720b5d582afc8cd7fd6,2021,36,246.59,2993.04,0.0,0.0,0.0,998.91,0.0,0.0,0.0,209.0,4308.0,0.0,0.0,0.0,564.0,0.0,0.0,0.0,553.0,122.0,413.0,43.0,33.0,216.0,3348.0,183442.0,0.0,0.0,0.0,20181.0,0.0,0.0,0.0,211,281,14375.0,491.48,225,304,15352.0,538.49,7,4a762f02ca755b22d37393e8dbeab1a6,Apparel,Undergarments,"Google, Meta, Tiktok",US,US,USD,2021-09-06,6,0.6631226582407952,0.7485107481711011,0.992708874098054,0.120536680255323,1380.0
0349b43cddf6e720b5d582afc8cd7fd6,2021,37,288.48,1923.93,0.0,0.0,0.0,1714.32,0.0,0.0,0.0,232.0,3074.0,0.0,0.0,0.0,1331.0,0.0,0.0,0.0,585.0,177.0,460.0,130.0,33.0,266.0,3971.0,157465.0,0.0,0.0,0.0,42186.0,0.0,0.0,0.0,246,330,17484.989999999998,709.54,264,357,18647.989999999998,822.72,7,4a762f02ca755b22d37393e8dbeab1a6,Apparel,Undergarments,"Google, Meta, Tiktok",US,US,USD,2021-09-13,7,0.7485107481711011,0.6631226582407953,0.992708874098054,-0.12053668025532288,1651.0
0349b43cddf6e720b5d582afc8cd7fd6,2021,38,271.85,1579.3500000000001,0.0,0.0,0.0,1727.71,0.0,0.0,0.0,188.0,2135.0,0.0,0.0,0.0,1120.0,0.0,0.0,0.0,735.0,180.0,410.0,36.0,43.0,274.0,2958.0,119190.0,0.0,0.0,0.0,40295.0,0.0,0.0,0.0,234,328,16994.37,732.36,248,346,17681.37,799.46,7,4a762f02ca755b22d37393e8dbeab1a6,Apparel,Undergarments,"Google, Meta, Tiktok",US,US,USD,2021-09-20,8,0.8229838658936564,0.5680647467311558,0.9350162426854148,-0.35460488704253545,1678.0
0349b43cddf6e720b5d582afc8cd7fd6,2021,39,263.43,1294.57,0.0,0.0,0.0,1736.0900000000001,0.0,0.0,0.0,207.0,1996.0,0.0,0.0,0.0,1065.0,0.0,0.0,0.0,543.0,94.0,399.0,58.0,28.0,155.0,3399.0,99360.0,0.0,0.0,0.0,37959.0,0.0,0.0,0.0,180,237,12092.0,429.43,190,250,12699.0,456.78,7,4a762f02ca755b22d37393e8dbeab1a6,Apparel,Undergarments,"Google, Meta, Tiktok",US,US,USD,2021-09-27,9,0.8854560256532098,0.4647231720437686,0.8229838658936565,-0.5680647467311557,1277.0
0349b43cddf6e720b5d582afc8cd7fd6,2021,40,268.68,1290.55,0.0,0.0,0.0,1739.27,0.0,0.0,0.0,229.0,1924.0,0.0,0.0,0.0,1016.0,0.0,0.0,0.0,487.0,134.0,394.0,32.0,26.0,211.0,3492.0,99244.0,0.0,0.0,0.0,37284.0,0.0,0.0,0.0,154,231,12050.92,565.8399999999999,166,250,12931.92,612.39,7,4a762f02ca755b22d37393e8dbeab1a6,Apparel,Undergarments,"Google, Meta, Tiktok",US,US,USD,2021-10-04,10,0.9350162426854148,0.35460488704253557,0.6631226582407952,-0.7485107481711012,1284.0
0349b43cddf6e720b5d582afc8cd7fd6,2021,41,288.09000000000003,594.53,0.0,0.0,0.0,1518.4,0.0,0.0,0.0,215.0,1030.0,0.0,0.0,0.0,6992.0,0.0,0.0,0.0,742.0,115.0,438.0,47.0,19.0,2849.0,3703.0,44761.0,0.0,0.0,0.0,101027.0,0.0,0.0,0.0,113,141,7690.0,306.64,124,157,8419.0,334.71,7,4a762f02ca755b22d37393e8dbeab1a6,Apparel,Undergarments,"Google, Meta, Tiktok",US,US,USD,2021-10-11,11,0.970941817426052,0.23931566428755804,0.46472317204376906,-0.8854560256532096,4210.0
0349b43cddf6e720b5d582afc8cd7fd6,2021,42,274.29,464.78999999999996,0.0,0.0,0.0,1373.34,0.0,0.0,0.0,189.0,851.0,0.0,0.0,0.0,7138.0,0.0,0.0,0.0,520.0,140.0,336.0,32.0,24.0,2503.0,3084.0,39877.0,0.0,0.0,0.0,121006.0,0.0,0.0,0.0,78,148,6784.0,756.12,95,172,7676.0,823.24,7,4a762f02ca755b22d37393e8dbeab1a6,Apparel,Undergarments,"Google, Meta, Tiktok",US,US,USD,2021-10-18,12,0.992708874098054,0.120536680255323,0.23931566428755768,-0.970941817426052,3555.0
0349b43cddf6e720b5d582afc8cd7fd6,2021,43,680.74,411.99,0.0,0.0,0.0,1527.03,0.0,0.0,0.0,379.0,850.0,0.0,0.0,0.0,3196.0,0.0,0.0,0.0,553.0,108.0,429.0,28.0,26.0,1575.0,5226.0,35277.0,0.0,0.0,0.0,72784.0,0.0,0.0,0.0,102,166,7960.0,589.72,104,169,8127.0,598.54,7,4a762f02ca755b22d37393e8dbeab1a6,Apparel,Undergarments,"Google, Meta, Tiktok",US,US,USD,2021-10-25,13,1.0,-1.6081226496766366e-16,-3.216245299353273e-16,-1.0,2719.0
0349b43cddf6e720b5d582afc8cd7fd6,2021,44,1239.83,862.28,0.0,0.0,0.0,1541.91,0.0,0.0,0.0,637.0,1062.0,0.0,0.0,0.0,1816.0,0.0,0.0,0.0,442.0,365.0,359.0,35.0,33.0,456.0,10042.0,41715.0,0.0,0.0,0.0,53473.0,0.0,0.0,0.0,143,194,10307.76,427.26,149,202,10654.76,452.86,7,4a762f02ca755b22d37393e8dbeab1a6,Apparel,Undergarments,"Google, Meta, Tiktok",US,US,USD,2021-11-01,14,0.992708874098054,-0.12053668025532288,-0.23931566428755743,-0.9709418174260521,1690.0
0349b43cddf6e720b5d582afc8cd7fd6,2021,45,1332.85,1570.4,0.0,0.0,0.0,2547.97,0.0,0.0,0.0,636.0,1504.0,0.0,0.0,0.0,1934.0,0.0,0.0,0.0,539.0,442.0,404.0,36.0,36.0,508.0,8034.0,53824.0,0.0,0.0,0.0,79505.0,0.0,0.0,0.0,167,221,11931.0,415.96,177,243,12488.0,478.3,7,4a762f02ca755b22d37393e8dbeab1a6,Apparel,Undergarments,"Google, Meta, Tiktok",US,US,USD,2021-11-08,15,0.9709418174260521,-0.2393156642875575,-0.46472317204376806,-0.8854560256532101,1965.0
0349b43cddf6e720b5d582afc8cd7fd6,2021,46,1356.76,1475.56,0.0,0.0,0.0,3250.8199999999997,0.0,0.0,0.0,757.0,1408.0,0.0,0.0,0.0,2353.0,0.0,0.0,0.0,415.0,351.0,384.0,26.0,31.0,394.0,9672.0,46018.0,0.0,0.0,0.0,83112.0,0.0,0.0,0.0,140,176,8801.03,214.89,151,189,9503.03,256.02,7,4a762f02ca755b22d37393e8dbeab1a6,Apparel,Undergarments,"Google, Meta, Tiktok",US,US,USD,2021-11-15,16,0.9350162426854148,-0.35460488704253545,-0.663122658240795,-0.7485107481711013,1601.0
0349b43cddf6e720b5d582afc8cd7fd6,2021,47,1343.75,192.52,0.0,0.0,0.0,5920.75,0.0,0.0,0.0,651.0,194.0,0.0,0.0,0.0,4930.0,0.0,0.0,0.0,944.0,366.0,391.0,99.0,25.0,1083.0,8380.0,6601.0,0.0,0.0,0.0,142758.0,0.0,0.0,0.0,221,283,15994.0,1986.03,238,313,17271.0,2168.63,7,4a762f02ca755b22d37393e8dbeab1a6,Apparel,Undergarments,"Google, Meta, Tiktok",US,US,USD,2021-11-22,17,0.8854560256532099,-0.4647231720437685,-0.8229838658936564,-0.5680647467311559,2908.0
0349b43cddf6e720b5d582afc8cd7fd6,2021,48,1341.38,0.0,0.0,0.0,0.0,4290.7300000000005,0.0,0.0,0.0,736.0,0.0,0.0,0.0,0.0,3277.0,0.0,0.0,0.0,874.0,365.0,559.0,44.0,32.0,449.0,9731.0,2.0,0.0,0.0,0.0,123433.0,0.0,0.0,0.0,178,224,12541.0,794.97,197,264,13597.0,966.98,7,4a762f02ca755b22d37393e8dbeab1a6,Apparel,Undergarments,"Google, Meta, Tiktok",US,US,USD,2021-11-29,18,0.8229838658936565,-0.5680647467311557,-0.9350162426854147,-0.3546048870425359,2323.0
0349b43cddf6e720b5d582afc8cd7fd6,2021,49,1354.85,4.54,0.0,0.0,0.0,4577.49,0.0,0.0,0.0,700.0,5.0,0.0,0.0,0.0,2904.0,0.0,0.0,0.0,1751.0,320.0,607.0,34.0,19.0,756.0,9627.0,619.0,0.0,0.0,0.0,140114.0,0.0,0.0,0.0,161,215,11355.72,283.34000000000003,176,234,12137.72,362.48,7,4a762f02ca755b22d37393e8dbeab1a6,Apparel,Undergarments,"Google, Meta, Tiktok",US,US,USD,2021-12-06,19,0.7485107481711013,-0.6631226582407951,-0.992708874098054,-0.12053668025532357,3487.0
0349b43cddf6e720b5d582afc8cd7fd6,2021,50,803.98,29.310000000000002,0.0,0.0,0.0,4256.8,0.0,0.0,0.0,438.0,32.0,0.0,0.0,0.0,2249.0,0.0,0.0,0.0,1627.0,261.0,576.0,23.0,42.0,589.0,5855.0,2712.0,0.0,0.0,0.0,130700.0,0.0,0.0,0.0,167,221,11516.0,378.56,171,226,11736.0,403.06,7,4a762f02ca755b22d37393e8dbeab1a6,Apparel,Undergarments,"Google, Meta, Tiktok",US,US,USD,2021-12-13,20,0.6631226582407952,-0.7485107481711012,-0.992708874098054,0.1205366802553232,3118.0
0349b43cddf6e720b5d582afc8cd7fd6,2021,51,564.03,52.79,0.0,0.0,0.0,4328.4,0.0,0.0,0.0,288.0,60.0,0.0,0.0,0.0,2387.0,0.0,0.0,0.0,1378.0,288.0,508.0,20.0,28.0,706.0,3707.0,6339.0,0.0,0.0,0.0,151772.0,0.0,0.0,0.0,157,231,11345.0,299.55,163,238,11573.0,323.95,7,4a762f02ca755b22d37393e8dbeab1a6,Apparel,Undergarments,"Google, Meta, Tiktok",US,US,USD,2021-12-20,21,0.5680647467311558,-0.8229838658936564,-0.9350162426854148,0.35460488704253557,2928.0
0349b43cddf6e720b5d582afc8cd7fd6,2021,52,532.22,261.87,0.0,0.0,0.0,4296.76,0.0,0.0,0.0,362.0,263.0,0.0,0.0,0.0,3960.0,0.0,0.0,0.0,1573.0,339.0,803.0,49.0,41.0,1131.0,4842.0,24299.0,0.0,0.0,0.0,236897.0,0.0,0.0,0.0,189,253,12914.0,887.03,201,288,14260.0,1202.62,7,4a762f02ca755b22d37393e8dbeab1a6,Apparel,Undergarments,"Google, Meta, Tiktok",US,US,USD,2021-12-27,22,0.46472317204376906,-0.8854560256532096,-0.822983865893657,0.5680647467311548,3936.0
0349b43cddf6e720b5d582afc8cd7fd6,2022,1,716.48,370.18,0.0,0.0,0.0,3501.08,0.0,0.0,0.0,389.0,344.0,0.0,0.0,0.0,1858.0,0.0,0.0,0.0,1129.0,317.0,563.0,24.0,35.0,751.0,4977.0,26529.0,0.0,0.0,0.0,151673.0,0.0,0.0,0.0,146,193,9902.59,1093.93,151,200,10385.59,1152.67,7,4a762f02ca755b22d37393e8dbeab1a6,Apparel,Undergarments,"Google, Meta, Tiktok",US,US,USD,2022-01-03,23,0.35460488704253584,-0.9350162426854147,-0.6631226582407956,0.7485107481711007,2819.0
0349b43cddf6e720b5d582afc8cd7fd6,2022,2,530.23,824.67,0.0,0.0,0.0,3477.86,0.0,0.0,0.0,337.0,449.0,0.0,0.0,0.0,3205.0,0.0,0.0,0.0,1418.0,341.0,680.0,26.0,37.0,1350.0,4198.0,24836.0,0.0,0.0,0.0,245943.0,0.0,0.0,0.0,158,201,10954.0,381.45,167,213,11412.0,396.05,7,4a762f02ca755b22d37393e8dbeab1a6,Apparel,Undergarments,"Google, Meta, Tiktok",US,US,USD,2022-01-10,24,0.23931566428755768,-0.970941817426052,-0.4647231720437684,0.88545602565321,3852.0
0349b43cddf6e720b5d582afc8cd7fd6,2022,3,731.23,1425.35,0.0,0.0,0.0,1959.8799999999999,0.0,0.0,0.0,431.0,658.0,0.0,0.0,0.0,1543.0,0.0,0.0,0.0,1207.0,367.0,707.0,41.0,46.0,583.0,5961.0,38551.0,0.0,0.0,0.0,79735.0,0.0,0.0,0.0,161,305,13130.0,1815.34,174,331,14209.0,1877.18,7,4a762f02ca755b22d37393e8dbeab1a6,Apparel,Undergarments,"Google, Meta, Tiktok",US,US,USD,2022-01-17,25,0.12053668025532308,-0.992708874098054,-0.2393156642875578,0.970941817426052,2951.0
0349b43cddf6e720b5d582afc8cd7fd6,2022,4,1242.07,1391.58,0.0,0.0,0.0,821.48,0.0,0.0,0.0,627.0,680.0,0.0,0.0,0.0,696.0,0.0,0.0,0.0,751.0,339.0,589.0,46.0,38.0,461.0,8998.0,39031.0,0.0,0.0,0.0,32772.0,0.0,0.0,0.0,87,110,5200.0,170.67000000000002,92,118,5472.0,176.47,7,4a762f02ca755b22d37393e8dbeab1a6,Apparel,Undergarments,"Google, Meta, Tiktok",US,US,USD,2022-01-24,26,-3.216245299353273e-16,-1.0,6.432490598706546e-16,1.0,2224.0
0349b43cddf6e720b5d582afc8cd7fd6,2022,5,379.06,1572.59,0.0,0.0,0.0,1526.34,0.0,0.0,0.0,346.0,794.0,0.0,0.0,0.0,1884.0,0.0,0.0,0.0,1522.0,290.0,585.0,33.0,30.0,1252.0,4803.0,43770.0,0.0,0.0,0.0,203974.0,0.0,0.0,0.0,113,156,8274.0,561.13,126,171,8889.0,624.5799999999999,7,4a762f02ca755b22d37393e8dbeab1a6,Apparel,Undergarments,"Google, Meta, Tiktok",US,US,USD,2022-01-31,27,-0.12053668025532283,-0.992708874098054,0.23931566428755732,0.9709418174260521,3712.0
0349b43cddf6e720b5d582afc8cd7fd6,2022,6,126.16,1128.49,0.0,0.0,0.0,1398.33,0.0,0.0,0.0,157.0,673.0,0.0,0.0,0.0,1963.0,0.0,0.0,0.0,1492.0,341.0,559.0,75.0,33.0,1060.0,2732.0,39830.0,0.0,0.0,0.0,194689.0,0.0,0.0,0.0,58,78,3960.05,228.14,74,98,4741.05,334.87,7,4a762f02ca755b22d37393e8dbeab1a6,Apparel,Undergarments,"Google, Meta, Tiktok",US,US,USD,2022-02-07,28,-0.23931566428755743,-0.9709418174260521,0.46472317204376795,0.8854560256532102,3560.0
0349b43cddf6e720b5d582afc8cd7fd6,2022,7,209.85000000000002,1439.17,0.0,134.35,0.0,1337.44,0.0,0.0,0.0,322.0,744.0,0.0,497.0,0.0,2007.0,0.0,0.0,0.0,1532.0,332.0,585.0,70.0,50.0,746.0,3764.0,45420.0,0.0,66555.0,0.0,210078.0,0.0,0.0,0.0,177,209,12566.0,386.86,189,243,14057.0,680.66,7,4a762f02ca755b22d37393e8dbeab1a6,Apparel,Undergarments,"Google, Meta, Tiktok",US,US,USD,2022-02-14,29,-0.3546048870425356,-0.9350162426854148,0.6631226582407952,0.7485107481711011,3315.0
0349b43cddf6e720b5d582afc8cd7fd6,2022,8,450.69,2005.12,0.0,169.1,0.0,3765.17,0.0,0.0,0.0,524.0,913.0,0.0,656.0,0.0,5662.0,0.0,0.0,0.0,4872.0,276.0,743.0,83.0,67.0,1125.0,5788.0,57039.0,0.0,33501.0,0.0,387341.0,0.0,0.0,0.0,324,386,22874.0,716.15,344,414,23942.0,805.15,7,4a762f02ca755b22d37393e8dbeab1a6,Apparel,Undergarments,"Google, Meta, Tiktok",US,US,USD,2022-02-21,30,-0.46472317204376806,-0.8854560256532101,0.8229838658936558,0.5680647467311567,7166.0
0349b43cddf6e720b5d582afc8cd7fd6,2022,9,556.7,2902.3199999999997,0.0,197.47,0.0,4454.15,0.0,0.0,0.0,507.0,1173.0,0.0,750.0,0.0,4357.0,0.0,0.0,0.0,3649.0,376.0,674.0,59.0,67.0,1154.0,6479.0,69306.0,0.0,51970.0,0.0,202499.0,0.0,0.0,0.0,299,361,20783.32,768.9300000000001,319,384,22101.32,864.8299999999999,7,4a762f02ca755b22d37393e8dbeab1a6,Apparel,Undergarments,"Google, Meta, Tiktok",US,US,USD,2022-02-28,31,-0.5680647467311556,-0.8229838658936565,0.9350162426854147,0.354604887042536,5979.0
0349b43cddf6e720b5d582afc8cd7fd6,2022,10,667.77,3625.09,0.0,49.89,115.52,4887.55,0.0,0.0,0.0,601.0,1499.0,0.0,228.0,2.0,6776.0,0.0,0.0,0.0,3766.0,463.0,712.0,84.0,57.0,2380.0,7838.0,87680.0,0.0,17670.0,9425.0,262534.0,0.0,0.0,0.0,362,518,28538.760000000002,1451.23,387,557,30424.760000000002,1634.9299999999998,7,4a762f02ca755b22d37393e8dbeab1a6,Apparel,Undergarments,"Google, Meta, Tiktok",US,US,USD,2022-03-07,32,-0.663122658240795,-0.7485107481711013,0.9927088740980539,0.12053668025532369,7462.0
0349b43cddf6e720b5d582afc8cd7fd6,2022,11,737.59,3361.31,0.0,37.44,130.39,4422.8,0.0,0.0,0.0,608.0,1326.0,0.0,150.0,1.0,5155.0,0.0,0.0,0.0,3198.0,556.0,868.0,76.0,56.0,1726.0,8367.0,88442.0,0.0,6518.0,11385.0,225053.0,0.0,0.0,0.0,392,497,28264.82,1247.35,412,592,32249.95,2648.75,7,4a762f02ca755b22d37393e8dbeab1a6,Apparel,Undergarments,"Google, Meta, Tiktok",US,US,USD,2022-03-14,33,-0.7485107481711011,-0.6631226582407952,0.992708874098054,-0.12053668025532309,6480.0
0349b43cddf6e720b5d582afc8cd7fd6,2022,12,818.39,4594.17,0.0,12.02,54.459999999999994,5777.21,0.0,0.0,0.0,656.0,1516.0,0.0,63.0,1.0,5204.0,0.0,0.0,0.0,4817.0,504.0,885.0,148.0,367.0,1058.0,8906.0,100346.0,0.0,3639.0,4638.0,247641.0,0.0,0.0,0.0,488,595,34490.0,995.15,516,638,36187.0,1134.85,7,4a762f02ca755b22d37393e8dbeab1a6,Apparel,Undergarments,"Google, Meta, Tiktok",US,US,USD,2022-03-21,34,-0.8229838658936564,-0.5680647467311559,0.9350162426854149,-0.35460488704253545,7779.0
0349b43cddf6e720b5d582afc8cd7fd6,2022,13,1039.93,5378.6,0.0,0.0,0.0,6358.73,0.0,0.0,0.0,751.0,1850.0,0.0,0.0,0.0,6722.0,0.0,0.0,0.0,5482.0,566.0,1012.0,188.0,111.0,1493.0,9071.0,126446.0,0.0,0.0,0.0,315258.0,0.0,0.0,0.0,528,636,36359.0,1078.4,561,685,38401.0,1313.8,7,4a762f02ca755b22d37393e8dbeab1a6,Apparel,Undergarments,"Google, Meta, Tiktok",US,US,USD,2022-03-28,35,-0.8854560256532096,-0.4647231720437691,0.8229838658936571,-0.5680647467311547,8852.0
0349b43cddf6e720b5d582afc8cd7fd6,2022,14,1744.1100000000001,5164.36,0.0,0.0,0.0,8399.37,0.0,0.0,0.0,1128.0,1609.0,0.0,0.0,0.0,11709.0,0.0,0.0,0.0,7969.0,646.0,1081.0,120.0,144.0,2624.0,14158.0,112741.0,0.0,0.0,0.0,493806.0,0.0,0.0,0.0,691,816,46286.38,1645.0,727,870,48116.38,1837.25,7,4a762f02ca755b22d37393e8dbeab1a6,Apparel,Undergarments,"Google, Meta, Tiktok",US,US,USD,2022-04-04,36,-0.9350162426854147,-0.3546048870425359,0.6631226582407956,-0.7485107481711007,12584.0
0349b43cddf6e720b5d582afc8cd7fd6,2022,15,1266.1599999999999,2453.46,0.0,0.0,0.0,9287.2,0.0,0.0,0.0,884.0,810.0,0.0,0.0,0.0,11140.0,0.0,0.0,0.0,8847.0,581.0,1052.0,138.0,140.0,2258.0,10277.0,53253.0,0.0,0.0,0.0,514352.0,0.0,0.0,0.0,609,714,39966.12,1272.82,649,780,42645.12,1687.47,7,4a762f02ca755b22d37393e8dbeab1a6,Apparel,Undergarments,"Google, Meta, Tiktok",US,US,USD,2022-04-11,37,-0.970941817426052,-0.23931566428755774,0.4647231720437685,-0.8854560256532099,13016.0
0349b43cddf6e720b5d582afc8cd7fd6,2022,16,270.95,369.04,0.0,0.0,0.0,10404.49,0.0,0.0,0.0,182.0,147.0,0.0,0.0,0.0,12243.0,0.0,0.0,0.0,9526.0,692.0,1298.0,161.0,574.0,2477.0,1901.0,11128.0,0.0,0.0,0.0,570062.0,0.0,0.0,0.0,567,686,36284.5,1037.85,604,736,38404.5,1251.2,7,4a762f02ca755b22d37393e8dbeab1a6,Apparel,Undergarments,"Google, Meta, Tiktok",US,US,USD,2022-04-18,38,-0.992708874098054,-0.12053668025532357,0.23931566428755877,-0.9709418174260518,14728.0
0349b43cddf6e720b5d582afc8cd7fd6,2022,17,0.0,90.98,0.0,0.0,0.0,9507.08,0.0,0.0,0.0,0.0,50.0,0.0,0.0,0.0,12563.0,0.0,0.0,0.0,6864.0,1152.0,1134.0,196.0,269.0,2614.0,0.0,3128.0,0.0,0.0,0.0,469639.0,0.0,0.0,0.0,469,549,30177.11,1015.61,509,609,32538.11,1253.21,7,4a762f02ca755b22d37393e8dbeab1a6,Apparel,Undergarments,"Google, Meta, Tiktok",US,US,USD,2022-04-25,39,-1.0,-1.8369701987210297e-16,3.6739403974420594e-16,-1.0,12229.0
0349b43cddf6e720b5d582afc8cd7fd6,2022,18,575.06,52.370000000000005,103.67,0.0,0.0,9934.95,0.0,0.0,0.0,253.0,18.0,51.0,0.0,0.0,10489.0,0.0,0.0,0.0,8006.0,1271.0,1223.0,209.0,3622.0,3588.0,3719.0,1298.0,1203.0,0.0,0.0,537104.0,0.0,0.0,0.0,670,815,43571.5,1486.0,710,871,45831.09,1722.6100000000001,7,4a762f02ca755b22d37393e8dbeab1a6,Apparel,Undergarments,"Google, Meta, Tiktok",US,US,USD,2022-05-02,40,-0.992708874098054,0.1205366802553232,-0.23931566428755807,-0.9709418174260519,17919.0
0349b43cddf6e720b5d582afc8cd7fd6,2022,19,972.93,5.42,474.26,0.0,0.0,9639.36,0.0,0.0,0.0,528.0,3.0,292.0,0.0,0.0,9322.0,0.0,0.0,0.0,6334.0,416.0,1265.0,187.0,1688.0,2227.0,6534.0,209.0,3437.0,0.0,0.0,462590.0,0.0,0.0,0.0,630,753,42300.53,1491.17,685,831,45600.53,1775.12,7,4a762f02ca755b22d37393e8dbeab1a6,Apparel,Undergarments,"Google, Meta, Tiktok",US,US,USD,2022-05-09,41,-0.9709418174260521,0.23931566428755738,-0.46472317204376784,-0.8854560256532102,12117.0
0349b43cddf6e720b5d582afc8cd7fd6,2022,20,1786.92,7.380000000000001,870.0,0.0,0.0,10113.49,0.0,0.0,0.0,886.0,5.0,417.0,0.0,0.0,8232.0,0.0,0.0,0.0,6680.0,175.0,1578.0,179.0,924.0,2219.0,12822.0,200.0,6960.0,0.0,0.0,413451.0,0.0,0.0,0.0,917,1177,59873.61,2202.56,993,1286,64301.61,2492.46,7,4a762f02ca755b22d37393e8dbeab1a6,Apparel,Undergarments,"Google, Meta, Tiktok",US,US,USD,2022-05-16,42,-0.9350162426854148,0.35460488704253557,-0.6631226582407951,-0.7485107481711012,11755.0
0349b43cddf6e720b5d582afc8cd7fd6,2022,21,604.89,82.6,1034.78,0.0,0.0,13866.33,0.0,0.0,0.0,276.0,33.0,448.0,0.0,0.0,10649.0,0.0,0.0,0.0,8383.0,147.0,1282.0,261.0,455.0,2248.0,5248.0,1580.0,12957.0,0.0,0.0,548649.0,0.0,0.0,0.0,863,1104,49929.04,2102.03,938,1223,53842.04,2743.23,7,4a762f02ca755b22d37393e8dbeab1a6,Apparel,Undergarments,"Google, Meta, Tiktok",US,US,USD,2022-05-23,43,-0.8854560256532101,0.464723172043768,-0.8229838658936557,-0.5680647467311568,12776.0
0349b43cddf6e720b5d582afc8cd7fd6,2022,22,2376.31,258.32,1698.6499999999999,0.0,0.0,11845.91,0.0,0.0,0.0,904.0,74.0,590.0,0.0,0.0,9125.0,0.0,0.0,0.0,9413.0,156.0,1189.0,279.0,337.0,2229.0,15591.0,3836.0,22241.0,0.0,0.0,426571.0,0.0,0.0,0.0,793,1003,51333.28,2749.46,864,1155,56387.28,3864.31,7,4a762f02ca755b22d37393e8dbeab1a6,Apparel,Undergarments,"Google, Meta, Tiktok",US,US,USD,2022-05-30,44,-0.822983865893657,0.5680647467311548,-0.935016242685414,-0.3546048870425378,13603.0
0349b43cddf6e720b5d582afc8cd7fd6,2022,23,5923.7699999999995,376.51,2997.6,0.0,0.0,15683.64,0.0,0.0,0.0,1814.0,113.0,570.0,0.0,0.0,11582.0,0.0,0.0,0.0,7205.0,162.0,1261.0,170.0,266.0,2872.0,28316.0,4905.0,20892.0,0.0,0.0,503108.0,0.0,0.0,0.0,713,886,45651.58,2064.32,779,1048,51704.61,3325.37,7,4a762f02ca755b22d37393e8dbeab1a6,Apparel,Undergarments,"Google, Meta, Tiktok",US,US,USD,2022-06-06,45,-0.7485107481711011,0.6631226582407953,-0.992708874098054,-0.12053668025532294,11936.0
0349b43cddf6e720b5d582afc8cd7fd6,2022,24,6773.32,0.0,1838.8200000000002,0.0,0.0,16180.16,0.0,0.0,0.0,1796.0,0.0,376.0,0.0,0.0,11443.0,0.0,0.0,0.0,9880.0,157.0,1109.0,150.0,227.0,2383.0,23720.0,1.0,15228.0,0.0,0.0,598505.0,0.0,0.0,0.0,644,834,43439.13,1713.87,698,958,47649.6,2118.87,7,4a762f02ca755b22d37393e8dbeab1a6,Apparel,Undergarments,"Google, Meta, Tiktok",US,US,USD,2022-06-13,46,-0.6631226582407956,0.7485107481711007,-0.9927088740980541,0.12053668025532208,13906.0
0349b43cddf6e720b5d582afc8cd7fd6,2022,25,289.05,242.67000000000002,1246.72,0.0,0.0,14418.41,0.0,0.0,0.0,85.0,99.0,578.0,0.0,0.0,10709.0,0.0,0.0,0.0,9774.0,175.0,1491.0,228.0,214.0,8075.0,1134.0,4440.0,11214.0,0.0,0.0,587144.0,0.0,0.0,0.0,574,728,38669.74,1485.35,630,862,43436.54,2461.4,7,4a762f02ca755b22d37393e8dbeab1a6,Apparel,Undergarments,"Google, Meta, Tiktok",US,US,USD,2022-06-20,47,-0.5680647467311559,0.8229838658936564,-0.9350162426854149,0.35460488704253534,19957.0
0349b43cddf6e720b5d582afc8cd7fd6,2022,26,0.0,57.67,769.72,0.0,0.0,14379.42,0.0,0.0,0.0,0.0,22.0,479.0,0.0,0.0,9845.0,0.0,0.0,0.0,6046.0,151.0,1379.0,217.0,208.0,3457.0,0.0,1034.0,9829.0,0.0,0.0,524454.0,0.0,0.0,0.0,455,582,30094.94,1854.45,514,673,33904.94,2238.0,7,4a762f02ca755b22d37393e8dbeab1a6,Apparel,Undergarments,"Google, Meta, Tiktok",US,US,USD,2022-06-27,48,-0.4647231720437684,0.88545602565321,-0.8229838658936561,0.5680647467311561,11458.0
0349b43cddf6e720b5d582afc8cd7fd6,2022,27,1260.05,28.43,1066.7,0.0,0.0,8865.4,0.0,0.0,0.0,579.0,18.0,485.0,0.0,0.0,6146.0,0.0,0.0,0.0,5668.0,171.0,1336.0,213.0,239.0,1875.0,6034.0,1480.0,10674.0,0.0,0.0,354168.0,0.0,0.0,0.0,315,433,22250.0,1815.35,369,555,26905.0,2650.95,7,4a762f02ca755b22d37393e8dbeab1a6,Apparel,Undergarments,"Google, Meta, Tiktok",US,US,USD,2022-07-04,49,-0.35460488704253595,0.9350162426854147,-0.6631226582407957,0.7485107481711006,9502.0
0349b43cddf6e720b5d582afc8cd7fd6,2022,28,0.0,0.0,0.0,0.0,0.0,6247.9400000000005,0.0,0.0,0.0,0.0,0.0,0.0,0.0,0.0,5237.0,0.0,0.0,0.0,4674.0,136.0,1364.0,257.0,179.0,1233.0,0.0,0.0,0.0,0.0,0.0,278379.0,0.0,0.0,0.0,391,467,25751.15,1111.65,443,554,29890.15,1544.15,7,4a762f02ca755b22d37393e8dbeab1a6,Apparel,Undergarments,"Google, Meta, Tiktok",US,US,USD,2022-07-11,50,-0.2393156642875578,0.970941817426052,-0.4647231720437686,0.8854560256532099,7843.0
0349b43cddf6e720b5d582afc8cd7fd6,2022,29,1769.23,0.0,1964.13,0.0,0.0,7195.3,0.0,0.0,0.0,865.0,0.0,1529.0,0.0,0.0,6087.0,0.0,0.0,0.0,4963.0,183.0,1113.0,276.0,243.0,1156.0,12843.0,0.0,35224.0,0.0,0.0,342873.0,0.0,0.0,0.0,435,544,29175.059999999998,1275.67,491,618,32326.059999999998,1560.72,7,4a762f02ca755b22d37393e8dbeab1a6,Apparel,Undergarments,"Google, Meta, Tiktok",US,US,USD,2022-07-18,51,-0.12053668025532363,0.992708874098054,-0.2393156642875589,0.9709418174260518,7934.0
0349b43cddf6e720b5d582afc8cd7fd6,2022,30,2062.42,0.0,3592.75,0.0,0.0,7883.92,555.32,0.04,0.0,1197.0,0.0,3251.0,0.0,0.0,6773.0,364.0,1.0,0.0,6338.0,184.0,1056.0,244.0,323.0,2489.0,19303.0,0.0,65385.0,0.0,0.0,347278.0,26097.0,1.0,0.0,511,664,34670.0,1519.3,561,770,39290.0,2490.45,7,4a762f02ca755b22d37393e8dbeab1a6,Apparel,Undergarments,"Google, Meta, Tiktok",US,US,USD,2022-07-25,52,6.432490598706546e-16,1.0,1.2864981197413093e-15,1.0,10634.0
0349b43cddf6e720b5d582afc8cd7fd6,2022,31,2117.75,0.0,3156.2000000000003,0.0,0.0,6537.22,842.87,0.03,0.0,1295.0,0.0,2547.0,0.0,0.0,6003.0,760.0,0.0,0.0,7638.0,146.0,1175.0,329.0,245.0,3546.0,19656.0,0.0,87715.0,0.0,0.0,295033.0,46887.0,1.0,0.0,624,789,42376.0,1695.1,688,892,46387.0,1955.35,7,4a762f02ca755b22d37393e8dbeab1a6,Apparel,Undergarments,"Google, Meta, Tiktok",US,US,USD,2022-08-01,53,0.12053668025532314,0.992708874098054,0.23931566428755793,0.970941817426052,13079.0
0349b43cddf6e720b5d582afc8cd7fd6,2022,32,2975.6400000000003,0.0,3859.89,0.0,0.0,8170.47,1300.93,0.0,0.0,1773.0,0.0,3528.0,0.0,0.0,8272.0,1350.0,0.0,0.0,9444.0,148.0,1229.0,440.0,300.0,3973.0,27999.0,0.0,133276.0,0.0,0.0,364719.0,78649.0,1.0,0.0,726,999,48521.41,2090.58,804,1113,53135.72,2376.38,7,4a762f02ca755b22d37393e8dbeab1a6,Apparel,Undergarments,"Google, Meta, Tiktok",US,US,USD,2022-08-08,54,0.23931566428755732,0.9709418174260521,0.46472317204376773,0.8854560256532104,15534.0
0349b43cddf6e720b5d582afc8cd7fd6,2022,33,1791.21,0.0,3712.66,0.0,0.0,9358.92,1710.89,0.19,0.0,1162.0,0.0,4097.0,0.0,0.0,9037.0,1517.0,0.0,0.0,11448.0,297.0,1257.0,476.0,342.0,3637.0,19999.0,0.0,169175.0,0.0,0.0,470608.0,102379.0,10.0,0.0,706,948,46980.21,2191.77,754,1030,49820.21,2382.57,7,4a762f02ca755b22d37393e8dbeab1a6,Apparel,Undergarments,"Google, Meta, Tiktok",US,US,USD,2022-08-15,55,0.3546048870425355,0.9350162426854148,0.663122658240795,0.7485107481711013,17457.0
0349b43cddf6e720b5d582afc8cd7fd6,2022,34,731.55,0.0,4271.21,0.0,0.0,10820.02,2100.27,0.0,0.0,487.0,0.0,4127.0,0.0,0.0,8935.0,1922.0,0.0,0.0,11622.0,150.0,1246.0,311.0,375.0,3625.0,8983.0,0.0,172982.0,0.0,0.0,475142.0,134431.0,0.0,0.0,737,967,49896.62,2346.52,786,1058,53283.76,2543.49,7,4a762f02ca755b22d37393e8dbeab1a6,Apparel,Undergarments,"Google, Meta, Tiktok",US,US,USD,2022-08-22,56,0.46472317204376795,0.8854560256532102,0.8229838658936557,0.5680647467311569,17329.0
0349b43cddf6e720b5d582afc8cd7fd6,2022,35,3163.91,0.0,4120.91,0.0,0.0,16159.380000000001,3643.58,0.8,0.0,1531.0,0.0,3454.0,0.0,0.0,12668.0,2980.0,0.0,0.0,11578.0,203.0,1168.0,663.0,412.0,3369.0,27284.0,0.0,142960.0,0.0,0.0,744077.0,201088.0,142.0,0.0,877,1291,56818.1,4397.42,957,1469,63043.1,5071.82,7,4a762f02ca755b22d37393e8dbeab1a6,Apparel,Undergarments,"Google, Meta, Tiktok",US,US,USD,2022-08-29,57,0.5680647467311555,0.8229838658936566,0.9350162426854146,0.35460488704253623,17393.0
0349b43cddf6e720b5d582afc8cd7fd6,2022,36,1152.25,0.0,4380.7,0.0,0.0,11540.86,4043.4100000000003,0.41000000000000003,0.0,688.0,0.0,2266.0,0.0,0.0,8735.0,3069.0,0.0,0.0,9505.0,184.0,1144.0,392.0,342.0,2902.0,11606.0,0.0,88664.0,0.0,0.0,483356.0,219582.0,122.0,0.0,576,791,37414.2,2428.36,632,884,41382.2,2714.46,7,4a762f02ca755b22d37393e8dbeab1a6,Apparel,Undergarments,"Google, Meta, Tiktok",US,US,USD,2022-09-05,58,0.6631226582407952,0.7485107481711011,0.992708874098054,0.12053668025532305,14469.0
0349b43cddf6e720b5d582afc8cd7fd6,2022,37,2124.2599999999998,0.0,3712.6400000000003,0.0,0.0,6535.65,3523.7200000000003,0.26,0.0,1080.0,0.0,2783.0,0.0,0.0,6143.0,2802.0,0.0,0.0,7229.0,139.0,1172.0,340.0,327.0,2319.0,18366.0,0.0,135934.0,0.0,0.0,284737.0,191798.0,45.0,0.0,556,767,34424.48,1955.17,596,848,37547.68,2330.98,7,4a762f02ca755b22d37393e8dbeab1a6,Apparel,Undergarments,"Google, Meta, Tiktok",US,US,USD,2022-09-12,59,0.7485107481711007,0.6631226582407956,0.9927088740980541,-0.12053668025532197,11526.0
0349b43cddf6e720b5d582afc8cd7fd6,2022,38,855.12,0.0,4924.12,0.0,0.0,5654.15,3858.54,0.81,0.0,542.0,0.0,4373.0,0.0,0.0,4775.0,3179.0,0.0,0.0,4579.0,136.0,1335.0,292.0,356.0,1347.0,10293.0,0.0,216216.0,0.0,0.0,244615.0,215237.0,123.0,0.0,813,1084,50457.75,2538.85,877,1185,54392.4,2726.18,7,4a762f02ca755b22d37393e8dbeab1a6,Apparel,Undergarments,"Google, Meta, Tiktok",US,US,USD,2022-09-19,60,0.8229838658936558,0.5680647467311567,0.9350162426854156,-0.35460488704253357,8045.0
0349b43cddf6e720b5d582afc8cd7fd6,2022,39,1215.8600000000001,0.0,4151.96,0.0,0.0,8312.67,5158.18,0.42000000000000004,0.0,752.0,0.0,4174.0,0.0,0.0,5937.0,3567.0,0.0,0.0,5110.0,142.0,1274.0,424.0,397.0,1394.0,14156.0,0.0,201967.0,0.0,0.0,354622.0,262504.0,165.0,0.0,822,1043,49643.75,2333.48,909,1195,54975.45,2662.95,7,4a762f02ca755b22d37393e8dbeab1a6,Apparel,Undergarments,"Google, Meta, Tiktok",US,US,USD,2022-09-26,61,0.8854560256532099,0.46472317204376845,0.8229838658936562,-0.568064746731156,8741.0
0349b43cddf6e720b5d582afc8cd7fd6,2022,40,1325.59,0.0,5086.01,0.0,0.0,11681.55,5656.83,0.02,0.0,710.0,0.0,4959.0,0.0,0.0,10261.0,4411.0,0.0,0.0,6753.0,117.0,1356.0,293.0,676.0,1606.0,14571.0,0.0,243654.0,0.0,0.0,591626.0,338135.0,122.0,0.0,932,1204,59988.4,3181.09,990,1301,64084.4,3357.29,7,4a762f02ca755b22d37393e8dbeab1a6,Apparel,Undergarments,"Google, Meta, Tiktok",US,US,USD,2022-10-03,62,0.9350162426854147,0.354604887042536,0.6631226582407959,-0.7485107481711005,10801.0
0349b43cddf6e720b5d582afc8cd7fd6,2022,41,1425.02,0.0,4923.22,0.0,0.0,10329.28,4298.99,0.48000000000000004,0.0,749.0,0.0,3570.0,0.0,0.0,7192.0,2913.0,0.0,0.0,5077.0,128.0,1582.0,493.0,946.0,1399.0,14356.0,0.0,168726.0,0.0,0.0,454743.0,232325.0,107.0,0.0,764,1045,49697.5,2304.0,817,1156,53593.0,2432.65,7,4a762f02ca755b22d37393e8dbeab1a6,Apparel,Undergarments,"Google, Meta, Tiktok",US,US,USD,2022-10-10,63,0.970941817426052,0.23931566428755785,0.46472317204376873,-0.8854560256532098,9625.0
0349b43cddf6e720b5d582afc8cd7fd6,2022,42,1578.06,0.0,4193.93,0.0,0.0,11489.7,5156.79,0.0,0.0,811.0,0.0,3042.0,0.0,0.0,6969.0,3036.0,0.0,0.0,4928.0,110.0,1404.0,295.0,1006.0,1271.0,14199.0,0.0,143802.0,0.0,0.0,484542.0,246439.0,0.0,0.0,713,932,46309.0,1993.5,767,1036,50393.0,2199.6,7,4a762f02ca755b22d37393e8dbeab1a6,Apparel,Undergarments,"Google, Meta, Tiktok",US,US,USD,2022-10-17,64,0.9927088740980539,0.12053668025532369,0.23931566428755902,-0.9709418174260517,9014.0
0349b43cddf6e720b5d582afc8cd7fd6,2022,43,1151.93,0.0,4659.91,0.0,0.0,10758.66,5510.54,0.44000000000000006,0.0,652.0,0.0,3327.0,0.0,0.0,11235.0,3716.0,0.0,0.0,13070.0,113.0,1436.0,289.0,769.0,5057.0,11268.0,0.0,137828.0,0.0,0.0,622538.0,253372.0,63.0,0.0,712,956,46923.0,2247.42,754,1022,49515.0,2322.47,7,4a762f02ca755b22d37393e8dbeab1a6,Apparel,Undergarments,"Google, Meta, Tiktok",US,US,USD,2022-10-24,65,1.0,3.061616997868383e-16,6.123233995736766e-16,-1.0,20734.0
0349b43cddf6e720b5d582afc8cd7fd6,2022,44,1602.17,0.0,4003.01,0.0,0.0,5609.71,2983.3,0.66,0.0,861.0,0.0,2737.0,0.0,0.0,7229.0,1688.0,0.0,0.0,7799.0,120.0,1096.0,279.0,654.0,3504.0,13927.0,0.0,124353.0,0.0,0.0,404962.0,122639.0,104.0,0.0,555,801,37863.15,1888.85,595,900,41059.65,1982.0,7,4a762f02ca755b22d37393e8dbeab1a6,Apparel,Undergarments,"Google, Meta, Tiktok",US,US,USD,2022-10-31,66,0.992708874098054,-0.12053668025532309,-0.23931566428755782,-0.970941817426052,13452.0
0349b43cddf6e720b5d582afc8cd7fd6,2022,45,1483.78,0.0,4217.95,0.0,0.0,4810.48,3012.23,0.04,0.0,822.0,0.0,2670.0,0.0,0.0,5070.0,1490.0,0.0,0.0,7752.0,65.0,982.0,159.0,577.0,2317.0,12294.0,0.0,163064.0,0.0,0.0,322161.0,94166.0,22.0,0.0,512,668,32298.0,1462.22,542,742,34639.5,1549.62,7,4a762f02ca755b22d37393e8dbeab1a6,Apparel,Undergarments,"Google, Meta, Tiktok",US,US,USD,2022-11-07,67,0.9709418174260519,-0.23931566428755813,-0.4647231720437692,-0.8854560256532096,11852.0
0349b43cddf6e720b5d582afc8cd7fd6,2022,46,680.5,0.0,2714.02,0.0,0.0,6576.29,2856.28,0.05,0.0,423.0,0.0,1999.0,0.0,0.0,4660.0,1554.0,0.0,0.0,9367.0,82.0,889.0,435.0,517.0,2430.0,6215.0,0.0,100364.0,0.0,0.0,272563.0,92468.0,2.0,0.0,454,612,28869.0,3037.35,515,725,33064.5,3642.6,7,4a762f02ca755b22d37393e8dbeab1a6,Apparel,Undergarments,"Google, Meta, Tiktok",US,US,USD,2022-11-14,68,0.9350162426854149,-0.35460488704253545,-0.663122658240795,-0.7485107481711013,13720.0
0349b43cddf6e720b5d582afc8cd7fd6,2022,47,235.8,0.0,6887.21,0.0,0.0,9456.18,2657.2799999999997,0.0,0.0,179.0,0.0,2739.0,0.0,0.0,4099.0,1215.0,0.0,0.0,12330.0,97.0,793.0,884.0,641.0,3008.0,2878.0,0.0,138507.0,0.0,0.0,246402.0,68559.0,0.0,0.0,667,940,43096.5,6630.58,782,1170,51240.66,7952.07,7,4a762f02ca755b22d37393e8dbeab1a6,Apparel,Undergarments,"Google, Meta, Tiktok",US,US,USD,2022-11-21,69,0.8854560256532102,-0.4647231720437679,-0.8229838658936556,-0.568064746731157,17753.0
0349b43cddf6e720b5d582afc8cd7fd6,2022,48,156.41000000000003,0.0,7929.5599999999995,0.0,0.0,5704.820000000001,2277.74,0.02,0.0,103.0,0.0,3282.0,0.0,0.0,2820.0,1309.0,0.0,0.0,11337.0,17.0,1009.0,454.0,616.0,2842.0,1466.0,0.0,209670.0,0.0,0.0,166619.0,76246.0,1.0,0.0,612,834,39313.7,4875.96,682,960,44208.7,5535.61,7,4a762f02ca755b22d37393e8dbeab1a6,Apparel,Undergarments,"Google, Meta, Tiktok",US,US,USD,2022-11-28,70,0.8229838658936571,-0.5680647467311547,-0.935016242685414,-0.354604887042538,16275.0
0349b43cddf6e720b5d582afc8cd7fd6,2022,49,272.14,0.0,4846.09,0.0,0.0,3397.29,1969.49,0.05,0.0,187.0,0.0,2766.0,0.0,0.0,1851.0,1023.0,0.0,0.0,6658.0,55.0,867.0,246.0,427.0,1998.0,3135.0,0.0,183646.0,0.0,0.0,102195.0,61001.0,6.0,0.0,386,537,23759.9,1582.62,422,625,26351.4,1705.17,7,4a762f02ca755b22d37393e8dbeab1a6,Apparel,Undergarments,"Google, Meta, Tiktok",US,US,USD,2022-12-05,71,0.7485107481711012,-0.6631226582407952,-0.992708874098054,-0.12053668025532317,10251.0
0349b43cddf6e720b5d582afc8cd7fd6,2022,50,146.44,0.0,2034.86,0.0,0.0,2193.37,2178.52,0.22,0.0,109.0,0.0,2464.0,0.0,0.0,1562.0,1224.0,0.0,0.0,6567.0,39.0,662.0,298.0,435.0,1769.0,1978.0,0.0,169415.0,0.0,0.0,63888.0,70881.0,2.0,0.0,263,407,17105.2,2091.57,308,505,20661.4,2553.21,7,4a762f02ca755b22d37393e8dbeab1a6,Apparel,Undergarments,"Google, Meta, Tiktok",US,US,USD,2022-12-12,72,0.6631226582407956,-0.7485107481711007,-0.9927088740980542,0.12053668025532184,9770.0
0349b43cddf6e720b5d582afc8cd7fd6,2022,51,388.64,3.8,1449.25,0.0,0.0,1561.65,2408.78,0.05,0.0,263.0,5.0,1645.0,0.0,0.0,1447.0,1549.0,1.0,0.0,6862.0,40.0,570.0,134.0,303.0,1855.0,3923.0,3223.0,108908.0,0.0,0.0,52324.0,98926.0,5.0,0.0,243,365,15067.279999999999,1869.8,279,444,17981.37,2248.27,7,4a762f02ca755b22d37393e8dbeab1a6,Apparel,Undergarments,"Google, Meta, Tiktok",US,US,USD,2022-12-19,73,0.5680647467311568,-0.8229838658936557,-0.9350162426854156,0.35460488704253346,9764.0
0349b43cddf6e720b5d582afc8cd7fd6,2022,52,714.91,5.84,2382.53,0.0,0.0,900.95,2097.87,0.01,0.0,409.0,7.0,2447.0,0.0,0.0,1217.0,1413.0,0.0,0.0,8990.0,23.0,791.0,212.0,386.0,2141.0,6202.0,6669.0,185651.0,0.0,0.0,45061.0,110469.0,45.0,0.0,349,527,21891.11,2474.19,378,583,24019.11,2770.99,7,4a762f02ca755b22d37393e8dbeab1a6,Apparel,Undergarments,"Google, Meta, Tiktok",US,US,USD,2022-12-26,74,0.4647231720437685,-0.8854560256532099,-0.8229838658936564,0.5680647467311559,12543.0
0349b43cddf6e720b5d582afc8cd7fd6,2023,1,577.76,0.0,3034.91,0.0,0.0,1716.85,2071.65,0.17,0.0,386.0,0.0,3081.0,0.0,0.0,2202.0,1623.0,0.0,0.0,7391.0,41.0,718.0,208.0,451.0,2307.0,5935.0,0.0,211859.0,0.0,0.0,98883.0,121251.0,17.0,0.0,387,562,26186.07,1542.57,415,630,28273.57,1647.3600000000001,7,4a762f02ca755b22d37393e8dbeab1a6,Apparel,Undergarments,"Google, Meta, Tiktok",US,US,USD,2023-01-02,75,0.35460488704253607,-0.9350162426854146,-0.663122658240796,0.7485107481711004,11116.0
0349b43cddf6e720b5d582afc8cd7fd6,2023,2,591.9200000000001,0.0,4984.17,0.0,0.0,2632.11,2457.0,0.24000000000000002,0.0,407.0,0.0,4021.0,0.0,0.0,3486.0,1923.0,0.0,0.0,2738.0,65.0,807.0,405.0,505.0,1485.0,6427.0,0.0,305210.0,0.0,0.0,138315.0,128250.0,26.0,0.0,405,648,28375.12,1212.59,439,731,31125.62,1287.19,7,4a762f02ca755b22d37393e8dbeab1a6,Apparel,Undergarments,"Google, Meta, Tiktok",US,US,USD,2023-01-09,76,0.23931566428755877,-0.9709418174260518,-0.4647231720437704,0.8854560256532089,6005.0
0349b43cddf6e720b5d582afc8cd7fd6,2023,3,990.39,0.0,5313.6900000000005,0.0,0.0,3268.91,2505.56,0.46,0.0,627.0,0.0,4328.0,0.0,0.0,4109.0,1930.0,0.0,0.0,2714.0,70.0,890.0,324.0,490.0,1742.0,9408.0,0.0,346178.0,0.0,0.0,165099.0,103965.0,41.0,0.0,502,778,34774.3,1610.53,549,873,38544.8,1810.56,7,4a762f02ca755b22d37393e8dbeab1a6,Apparel,Undergarments,"Google, Meta, Tiktok",US,US,USD,2023-01-16,77,0.12053668025532287,-0.992708874098054,-0.2393156642875574,0.9709418174260521,6230.0
0349b43cddf6e720b5d582afc8cd7fd6,2023,4,1048.73,0.0,5125.03,0.0,0.0,6240.75,3427.79,0.25,0.0,682.0,0.0,4205.0,0.0,0.0,7675.0,2514.0,0.0,0.0,3372.0,90.0,918.0,348.0,620.0,2035.0,10201.0,0.0,290432.0,0.0,0.0,462052.0,146702.0,150.0,0.0,586,885,39986.0,1898.9299999999998,641,999,44485.0,2134.93,7,4a762f02ca755b22d37393e8dbeab1a6,Apparel,Undergarments,"Google, Meta, Tiktok",US,US,USD,2023-01-23,78,3.6739403974420594e-16,-1.0,-7.347880794884119e-16,1.0,7383.0
0349b43cddf6e720b5d582afc8cd7fd6,2023,5,1186.43,0.0,5624.28,0.0,0.0,8085.96,4264.0599999999995,0.49,0.0,815.0,0.0,4949.0,0.0,0.0,7815.0,3172.0,0.0,0.0,4175.0,102.0,963.0,424.0,696.0,1831.0,12676.0,0.0,302402.0,0.0,0.0,527689.0,197676.0,106.0,0.0,833,1188,56293.6,4781.93,904,1330,62062.0,5617.5,7,4a762f02ca755b22d37393e8dbeab1a6,Apparel,Undergarments,"Google, Meta, Tiktok",US,US,USD,2023-01-30,79,-0.12053668025532391,-0.9927088740980539,0.23931566428755943,0.9709418174260516,8191.0
0349b43cddf6e720b5d582afc8cd7fd6,2023,6,1360.53,0.0,5534.93,0.0,0.0,9156.869999999999,3773.6,0.6000000000000001,0.0,908.0,0.0,4620.0,0.0,0.0,9753.0,2491.0,0.0,0.0,4229.0,98.0,1021.0,372.0,782.0,2119.0,12969.0,0.0,298973.0,0.0,0.0,560670.0,160798.0,60.0,0.0,767,1070,53933.479999999996,5624.08,815,1162,58230.48,6273.98,7,4a762f02ca755b22d37393e8dbeab1a6,Apparel,Undergarments,"Google, Meta, Tiktok",US,US,USD,2023-02-06,80,-0.23931566428755807,-0.9709418174260519,0.4647231720437691,0.8854560256532096,8621.0
0349b43cddf6e720b5d582afc8cd7fd6,2023,7,2270.16,105.09,5542.51,0.61,0.0,6164.42,3208.6099999999997,0.36,0.0,1332.0,120.0,4812.0,6.0,0.0,6484.0,2216.0,0.0,0.0,3346.0,218.0,1079.0,465.0,684.0,1363.0,19078.0,33289.0,259854.0,382.0,0.0,440126.0,155966.0,25.0,0.0,729,1057,51048.5,3354.71,792,1189,55969.2,3734.36,7,4a762f02ca755b22d37393e8dbeab1a6,Apparel,Undergarments,"Google, Meta, Tiktok",US,US,USD,2023-02-13,81,-0.3546048870425354,-0.9350162426854149,0.6631226582407949,0.7485107481711014,7155.0
0349b43cddf6e720b5d582afc8cd7fd6,2023,8,2816.11,109.97999999999999,5696.4400000000005,0.0,0.0,4301.42,3532.96,0.2,0.0,1423.0,123.0,5070.0,0.0,0.0,4409.0,2447.0,0.0,0.0,3144.0,103.0,1083.0,402.0,582.0,1035.0,18392.0,25728.0,258970.0,0.0,0.0,300406.0,149961.0,60.0,0.0,698,1059,48376.9,2272.67,740,1130,51146.4,2435.9700000000003,7,4a762f02ca755b22d37393e8dbeab1a6,Apparel,Undergarments,"Google, Meta, Tiktok",US,US,USD,2023-02-20,82,-0.46472317204376784,-0.8854560256532102,0.8229838658936555,0.5680647467311571,6349.0
0349b43cddf6e720b5d582afc8cd7fd6,2023,9,3126.04,0.0,6447.64,0.0,0.0,5181.78,6315.02,0.77,0.0,1879.0,0.0,5540.0,0.0,0.0,6089.0,4361.0,0.0,0.0,4473.0,150.0,1124.0,475.0,764.0,1357.0,22125.0,0.0,258193.0,0.0,0.0,367585.0,316159.0,91.0,0.0,880,1381,63146.6,3290.74,924,1455,66283.9,3498.49,7,4a762f02ca755b22d37393e8dbeab1a6,Apparel,Undergarments,"Google, Meta, Tiktok",US,US,USD,2023-02-27,83,-0.5680647467311561,-0.8229838658936561,0.9350162426854152,0.35460488704253484,8343.0
0349b43cddf6e720b5d582afc8cd7fd6,2023,10,3390.52,0.0,7176.59,0.0,0.0,7294.49,8602.96,1.05,0.0,1837.0,0.0,6369.0,0.0,0.0,8799.0,5582.0,0.0,0.0,5493.0,239.0,1277.0,707.0,823.0,1757.0,23117.0,0.0,284096.0,0.0,0.0,427055.0,477770.0,131.0,0.0,1032,1603,72019.14,2990.44,1093,1761,77630.14,3226.79,7,4a762f02ca755b22d37393e8dbeab1a6,Apparel,Undergarments,"Google, Meta, Tiktok",US,US,USD,2023-03-06,84,-0.6631226582407951,-0.7485107481711012,0.992708874098054,0.1205366802553233,10296.0
0349b43cddf6e720b5d582afc8cd7fd6,2023,11,3425.48,0.0,7763.0599999999995,0.0,0.0,4988.0599999999995,9116.12,1.1600000000000001,0.0,1461.0,0.0,6729.0,0.0,0.0,5479.0,6254.0,0.0,0.0,5688.0,125.0,1229.0,892.0,796.0,1603.0,18896.0,0.0,295638.0,0.0,0.0,278858.0,554190.0,94.0,0.0,912,1373,63107.7,2831.14,979,1566,68136.7,2930.09,7,4a762f02ca755b22d37393e8dbeab1a6,Apparel,Undergarments,"Google, Meta, Tiktok",US,US,USD,2023-03-13,85,-0.7485107481711006,-0.6631226582407957,0.9927088740980542,-0.12053668025532172,10333.0
0349b43cddf6e720b5d582afc8cd7fd6,2023,12,3787.75,0.0,4490.21,0.0,0.0,3080.76,8949.06,1.77,0.0,1609.0,0.0,3508.0,0.0,0.0,3168.0,6211.0,0.0,0.0,6849.0,127.0,1186.0,1374.0,707.0,1848.0,19921.0,0.0,134258.0,0.0,0.0,144511.0,490426.0,112.0,0.0,914,1342,63242.28,7584.68,992,1498,69445.78,8379.93,7,4a762f02ca755b22d37393e8dbeab1a6,Apparel,Undergarments,"Google, Meta, Tiktok",US,US,USD,2023-03-20,86,-0.8229838658936557,-0.5680647467311568,0.9350162426854157,-0.35460488704253335,12091.0
0349b43cddf6e720b5d582afc8cd7fd6,2023,13,6054.72,0.0,2993.34,0.0,0.0,2885.32,7331.42,2.27,0.0,2455.0,0.0,2015.0,0.0,0.0,3580.0,6154.0,0.0,0.0,7005.0,156.0,1141.0,2466.0,564.0,1657.0,27682.0,0.0,72980.0,0.0,0.0,159946.0,465842.0,194.0,0.0,748,1113,50085.0,2015.53,825,1295,56555.5,2232.83,7,4a762f02ca755b22d37393e8dbeab1a6,Apparel,Undergarments,"Google, Meta, Tiktok",US,US,USD,2023-03-27,87,-0.885456025653209,-0.4647231720437701,0.8229838658936585,-0.5680647467311529,12989.0
0349b43cddf6e720b5d582afc8cd7fd6,2023,14,6962.0599999999995,0.0,4550.32,0.0,0.0,4051.01,9527.25,1.4100000000000001,0.0,2877.0,0.0,1901.0,0.0,0.0,4849.0,12322.0,1.0,0.0,12117.0,166.0,1053.0,1220.0,625.0,1770.0,34127.0,0.0,44563.0,0.0,0.0,232141.0,632753.0,175.0,0.0,890,1304,57248.0,2651.2,979,1444,63192.8,2925.8,7,4a762f02ca755b22d37393e8dbeab1a6,Apparel,Undergarments,"Google, Meta, Tiktok",US,US,USD,2023-04-03,88,-0.935016242685414,-0.3546048870425378,0.6631226582407987,-0.748510748171098,16951.0
0349b43cddf6e720b5d582afc8cd7fd6,2023,15,7025.09,0.0,4095.63,0.0,0.0,3284.06,7074.96,3.55,0.0,2955.0,0.0,1965.0,0.0,0.0,4938.0,8332.0,0.0,0.0,8965.0,196.0,1289.0,5391.0,683.0,1446.0,35028.0,0.0,46561.0,0.0,0.0,183656.0,443553.0,32.0,0.0,851,1420,61613.13,6212.48,938,1593,68152.93000000001,6881.78,7,4a762f02ca755b22d37393e8dbeab1a6,Apparel,Undergarments,"Google, Meta, Tiktok",US,US,USD,2023-04-10,89,-0.9709418174260522,-0.2393156642875571,0.46472317204376734,-0.8854560256532105,17970.0
0349b43cddf6e720b5d582afc8cd7fd6,2023,16,4793.84,5.76,5207.53,0.0,0.0,5761.280000000001,8998.41,0.66,0.0,2254.0,2.0,2472.0,0.0,0.0,8264.0,8552.0,0.0,0.0,8886.0,192.0,1406.0,6255.0,752.0,1645.0,28147.0,57.0,67157.0,0.0,0.0,293492.0,542352.0,109.0,0.0,852,1267,59040.43,2494.46,955,1480,67701.03,2906.67,7,4a762f02ca755b22d37393e8dbeab1a6,Apparel,Undergarments,"Google, Meta, Tiktok",US,US,USD,2023-04-17,90,-0.992708874098054,-0.12053668025532294,0.23931566428755752,-0.9709418174260521,19136.0
0349b43cddf6e720b5d582afc8cd7fd6,2023,17,2096.47,6.63,5011.84,0.0,0.0,6506.29,10655.94,2.88,0.0,1157.0,3.0,2114.0,0.0,0.0,9334.0,9089.0,0.0,0.0,9251.0,234.0,1714.0,7155.0,439.0,1852.0,15139.0,173.0,59659.0,0.0,0.0,386000.0,672329.0,229.0,0.0,917,1422,63037.28,2678.13,1005,1616,70130.98,3016.12,7,4a762f02ca755b22d37393e8dbeab1a6,Apparel,Undergarments,"Google, Meta, Tiktok",US,US,USD,2023-04-24,91,-1.0,-4.286263797015736e-16,8.572527594031472e-16,-1.0,20645.0
0349b43cddf6e720b5d582afc8cd7fd6,2023,18,2317.84,10.66,4034.06,0.0,0.0,6580.81,15339.95,5.9,0.0,1419.0,6.0,2106.0,0.0,0.0,9820.0,9250.0,1.0,0.0,5541.0,182.0,1634.0,13179.0,500.0,1884.0,14648.0,260.0,82950.0,0.0,0.0,405254.0,846745.0,472.0,0.0,1036,1510,69066.89,2637.17,1136,1697,77005.23999999999,2806.45,7,4a762f02ca755b22d37393e8dbeab1a6,Apparel,Undergarments,"Google, Meta, Tiktok",US,US,USD,2023-05-01,92,-0.9927088740980541,0.12053668025532208,-0.23931566428755585,-0.9709418174260525,22920.0
0349b43cddf6e720b5d582afc8cd7fd6,2023,19,1828.85,95.44,8980.75,0.0,0.0,6572.96,17862.77,3.26,0.0,1263.0,26.0,6053.0,0.0,0.0,9679.0,12098.0,1.0,0.0,6783.0,185.0,1643.0,7829.0,420.0,1865.0,15067.0,1469.0,299040.0,0.0,0.0,390038.0,1017550.0,503.0,0.0,1340,1980,92242.28,5045.02,1427,2143,99000.78,5448.5,7,4a762f02ca755b22d37393e8dbeab1a6,Apparel,Undergarments,"Google, Meta, Tiktok",US,US,USD,2023-05-08,93,-0.9709418174260523,0.23931566428755627,-0.46472317204376584,-0.8854560256532114,18725.0
0349b43cddf6e720b5d582afc8cd7fd6,2023,20,1417.53,488.5,15170.44,0.0,0.0,6884.82,18272.7,3.31,0.0,974.0,139.0,8386.0,0.0,0.0,9065.0,11572.0,1.0,0.0,11549.0,161.0,1782.0,4266.0,518.0,2028.0,11835.0,7978.0,465858.0,0.0,0.0,404662.0,1003109.0,550.0,0.0,1471,1881,96557.8,3726.9,1565,2051,103200.92,3890.9,7,4a762f02ca755b22d37393e8dbeab1a6,Apparel,Undergarments,"Google, Meta, Tiktok",US,US,USD,2023-05-15,94,-0.9350162426854149,0.35460488704253534,-0.6631226582407947,-0.7485107481711015,20304.0
0349b43cddf6e720b5d582afc8cd7fd6,2023,21,1491.99,306.7,11313.55,0.0,0.0,7643.38,18630.11,1.3,0.0,1089.0,86.0,7258.0,0.0,0.0,7941.0,11169.0,0.0,0.0,12937.0,171.0,1927.0,6289.0,901.0,1906.0,13168.0,3730.0,370196.0,0.0,0.0,381005.0,911125.0,161.0,0.0,1623,2382,112861.06,10356.6,1753,2620,122062.45999999999,11119.880000000001,7,4a762f02ca755b22d37393e8dbeab1a6,Apparel,Undergarments,"Google, Meta, Tiktok",US,US,USD,2023-05-22,95,-0.8854560256532102,0.4647231720437678,-0.8229838658936555,-0.5680647467311573,24131.0
0349b43cddf6e720b5d582afc8cd7fd6,2023,22,2155.39,544.81,12208.48,0.0,0.0,14229.58,22887.63,1.44,0.0,1505.0,180.0,7755.0,0.0,0.0,21610.0,17626.0,0.0,0.0,17183.0,208.0,1839.0,11626.0,957.0,3477.0,18885.0,8349.0,376052.0,0.0,0.0,776551.0,1061018.0,245.0,0.0,1985,2924,138202.11000000002,15509.37,2147,3192,150268.91,16829.86,7,4a762f02ca755b22d37393e8dbeab1a6,Apparel,Undergarments,"Google, Meta, Tiktok",US,US,USD,2023-05-29,96,-0.8229838658936561,0.5680647467311561,-0.935016242685415,-0.35460488704253496,35290.0
0349b43cddf6e720b5d582afc8cd7fd6,2023,23,3202.7200000000003,421.4,12377.3,0.0,0.0,7623.47,17149.489999999998,0.64,0.0,1882.0,131.0,7358.0,0.0,0.0,13933.0,17031.0,0.0,0.0,16079.0,207.0,1881.0,6123.0,944.0,3122.0,23084.0,6361.0,371928.0,0.0,0.0,446153.0,862184.0,75.0,0.0,1424,2095,97464.21,3152.91,1552,2323,106741.01999999999,3468.92,7,4a762f02ca755b22d37393e8dbeab1a6,Apparel,Undergarments,"Google, Meta, Tiktok",US,US,USD,2023-06-05,97,-0.7485107481711012,0.6631226582407951,-0.992708874098054,-0.12053668025532342,28356.0
0349b43cddf6e720b5d582afc8cd7fd6,2023,24,2465.51,378.1,13386.800000000001,0.0,0.0,6102.88,13806.05,0.7100000000000001,0.0,1389.0,122.0,7469.0,0.0,0.0,11324.0,13131.0,0.0,0.0,9599.0,235.0,1620.0,13452.0,957.0,2359.0,18659.0,5425.0,368663.0,0.0,0.0,329914.0,696699.0,50.0,0.0,1215,1908,85102.69,3101.25,1336,2240,95702.65,3631.1,7,4a762f02ca755b22d37393e8dbeab1a6,Apparel,Undergarments,"Google, Meta, Tiktok",US,US,USD,2023-06-12,98,-0.6631226582407957,0.7485107481711006,-0.9927088740980542,0.12053668025532159,28222.0
0349b43cddf6e720b5d582afc8cd7fd6,2023,25,2090.88,292.49,13094.34,0.0,0.0,4370.71,12150.38,1.32,0.0,1276.0,80.0,7850.0,0.0,0.0,7508.0,11894.0,1.0,0.0,4743.0,243.0,1657.0,4724.0,969.0,2337.0,16943.0,3839.0,373473.0,0.0,0.0,236570.0,583337.0,97.0,0.0,1159,1841,83169.98,5022.55,1278,2092,92476.66,5806.6,7,4a762f02ca755b22d37393e8dbeab1a6,Apparel,Undergarments,"Google, Meta, Tiktok",US,US,USD,2023-06-19,99,-0.5680647467311554,0.8229838658936567,-0.9350162426854145,0.35460488704253657,14673.0
0349b43cddf6e720b5d582afc8cd7fd6,2023,26,1492.52,213.23,11057.75,0.0,0.0,5995.97,15313.21,1.67,0.0,1010.0,79.0,6832.0,0.0,0.0,9092.0,13171.0,2.0,0.0,4333.0,220.0,1619.0,10106.0,735.0,3597.0,14976.0,3627.0,298756.0,0.0,0.0,343851.0,750516.0,139.0,0.0,1578,2369,112079.81999999999,17621.46,1764,2792,127417.23,19998.85,7,4a762f02ca755b22d37393e8dbeab1a6,Apparel,Undergarments,"Google, Meta, Tiktok",US,US,USD,2023-06-26,100,-0.4647231720437686,0.8854560256532099,-0.8229838658936565,0.5680647467311557,20610.0
0349b43cddf6e720b5d582afc8cd7fd6,2023,27,2787.52,323.15999999999997,13047.57,0.0,0.0,9752.9,24627.23,1.66,0.0,1638.0,112.0,7381.0,0.0,0.0,14621.0,23854.0,0.0,0.0,5130.0,248.0,1685.0,13234.0,996.0,4103.0,22625.0,4573.0,305946.0,0.0,0.0,553823.0,1398239.0,80.0,0.0,1923,2739,129900.84,18519.25,2099,3067,142159.21,20247.45,7,4a762f02ca755b22d37393e8dbeab1a6,Apparel,Undergarments,"Google, Meta, Tiktok",US,US,USD,2023-07-03,101,-0.3546048870425362,0.9350162426854146,-0.6631226582407961,0.7485107481711003,25396.0
0349b43cddf6e720b5d582afc8cd7fd6,2023,28,3844.7799999999997,170.4,10118.29,0.0,0.0,4149.83,10853.42,0.66,0.0,2251.0,43.0,6915.0,0.0,0.0,7623.0,10101.0,0.0,0.0,4551.0,235.0,1661.0,14364.0,813.0,3022.0,26856.0,1368.0,336829.0,0.0,0.0,246977.0,528610.0,42.0,0.0,1259,1659,83299.73,4179.95,1379,1849,90994.93000000001,4485.15,7,4a762f02ca755b22d37393e8dbeab1a6,Apparel,Undergarments,"Google, Meta, Tiktok",US,US,USD,2023-07-10,102,-0.2393156642875589,0.9709418174260518,-0.4647231720437706,0.8854560256532088,24646.0
0349b43cddf6e720b5d582afc8cd7fd6,2023,29,3652.92,2.97,8835.56,0.0,0.0,4376.389999999999,10577.54,0.88,0.0,1987.0,2.0,6134.0,0.0,0.0,7519.0,8803.0,0.0,0.0,4701.0,201.0,1764.0,7308.0,759.0,2938.0,22865.0,110.0,312954.0,0.0,0.0,273127.0,509253.0,58.0,0.0,1159,1690,79281.94,4142.2,1298,1964,88546.19,4379.8,7,4a762f02ca755b22d37393e8dbeab1a6,Apparel,Undergarments,"Google, Meta, Tiktok",US,US,USD,2023-07-17,103,-0.12053668025532475,0.9927088740980538,-0.2393156642875611,0.9709418174260512,17671.0
0349b43cddf6e720b5d582afc8cd7fd6,2023,30,2848.83,10.459999999999999,9946.039999999999,0.0,0.0,6012.28,14901.0,1.55,0.0,1681.0,3.0,6218.0,0.0,0.0,14136.0,10787.0,4.0,0.0,4684.0,217.0,1977.0,9802.0,946.0,2434.0,19937.0,64.0,296659.0,0.0,0.0,362864.0,692179.0,164.0,0.0,1323,2745,92459.27,5400.3099999999995,1475,3267,106479.42,6455.28,7,4a762f02ca755b22d37393e8dbeab1a6,Apparel,Undergarments,"Google, Meta, Tiktok",US,US,USD,2023-07-24,104,1.2864981197413093e-15,1.0,2.5729962394826186e-15,1.0,20060.0
0349b43cddf6e720b5d582afc8cd7fd6,2023,31,2413.32,40.82,10997.119999999999,0.0,0.0,7849.14,15227.18,1.11,0.0,1294.0,12.0,6630.0,0.0,0.0,12056.0,10743.0,0.0,0.0,5309.0,272.0,2004.0,11947.0,958.0,2093.0,16964.0,715.0,298325.0,0.0,0.0,467934.0,803079.0,146.0,0.0,1344,2907,98072.84,8059.33,1499,3287,110713.66,9828.84,7,4a762f02ca755b22d37393e8dbeab1a6,Apparel,Undergarments,"Google, Meta, Tiktok",US,US,USD,2023-07-31,105,0.12053668025532378,0.9927088740980539,0.23931566428755918,0.9709418174260517,22583.0
0349b43cddf6e720b5d582afc8cd7fd6,2023,32,2406.13,20.68,12511.119999999999,0.0,0.0,7625.19,14781.36,3.4699999999999998,0.0,1243.0,9.0,6876.0,0.0,0.0,14242.0,11359.0,1.0,0.0,4729.0,221.0,1870.0,13870.0,857.0,2113.0,16205.0,983.0,321648.0,0.0,0.0,500491.0,827339.0,140.0,0.0,1302,2701,92705.33,6459.4,1471,3155,106403.81,8020.55,7,4a762f02ca755b22d37393e8dbeab1a6,Apparel,Undergarments,"Google, Meta, Tiktok",US,US,USD,2023-08-07,106,0.23931566428755793,0.970941817426052,0.4647231720437689,0.8854560256532097,23660.0
0349b43cddf6e720b5d582afc8cd7fd6,2023,33,2115.88,489.63,11757.33,0.0,0.0,7881.56,14509.54,1.34,0.0,1123.0,155.0,6289.0,0.0,0.0,13924.0,10722.0,3.0,0.0,4834.0,211.0,1735.0,11078.0,756.0,2791.0,13802.0,7443.0,303954.0,0.0,0.0,499366.0,783161.0,151.0,0.0,1251,2670,90377.65000000001,6672.9,1396,3044,102714.5,7393.82,7,4a762f02ca755b22d37393e8dbeab1a6,Apparel,Undergarments,"Google, Meta, Tiktok",US,US,USD,2023-08-14,107,0.3546048870425353,0.9350162426854149,0.6631226582407946,0.7485107481711015,21405.0
0349b43cddf6e720b5d582afc8cd7fd6,2023,34,1985.45,610.84,12930.35,0.0,0.0,7350.299999999999,15056.43,1.19,0.0,1079.0,187.0,6160.0,0.0,0.0,10769.0,10016.0,0.0,0.0,4284.0,223.0,1620.0,9734.0,677.0,2294.0,13169.0,8715.0,276076.0,0.0,0.0,446682.0,703084.0,80.0,0.0,1284,2688,91852.72,6254.48,1452,3123,105992.23000000001,7855.5,7,4a762f02ca755b22d37393e8dbeab1a6,Apparel,Undergarments,"Google, Meta, Tiktok",US,US,USD,2023-08-21,108,0.46472317204376773,0.8854560256532104,0.8229838658936554,0.5680647467311574,18832.0
0349b43cddf6e720b5d582afc8cd7fd6,2023,35,2239.91,538.2,11244.28,0.0,0.0,8531.3,14143.0,2.16,0.0,1149.0,173.0,5343.0,0.0,0.0,11427.0,9242.0,0.0,0.0,4028.0,221.0,1428.0,7133.0,666.0,2140.0,14542.0,8253.0,239144.0,0.0,0.0,485532.0,645418.0,119.0,0.0,1124,2350,79238.87,5244.46,1264,2735,90274.23999999999,6108.09,7,4a762f02ca755b22d37393e8dbeab1a6,Apparel,Undergarments,"Google, Meta, Tiktok",US,US,USD,2023-08-28,109,0.5680647467311546,0.8229838658936572,0.9350162426854137,0.3546048870425384,15616.0
0349b43cddf6e720b5d582afc8cd7fd6,2023,36,2763.93,97.74000000000001,11242.98,0.0,0.0,8353.38,15505.14,2.74,0.0,1349.0,29.0,5709.0,0.0,0.0,10038.0,9609.0,2.0,0.0,4665.0,157.0,1673.0,6972.0,664.0,1827.0,16039.0,1122.0,246968.0,0.0,0.0,464742.0,748904.0,176.0,0.0,1384,2885,98455.67,10118.41,1588,3322,112402.55,11567.3,7,4a762f02ca755b22d37393e8dbeab1a6,Apparel,Undergarments,"Google, Meta, Tiktok",US,US,USD,2023-09-04,110,0.663122658240795,0.7485107481711013,0.992708874098054,0.12053668025532353,15958.0
0349b43cddf6e720b5d582afc8cd7fd6,2023,37,4242.85,0.0,10074.13,0.0,0.0,8763.38,12931.0,1.39,0.0,1687.0,0.0,5269.0,0.0,0.0,13846.0,12278.0,0.0,0.0,4601.0,164.0,1617.0,13125.0,1371.0,1647.0,19391.0,0.0,263931.0,0.0,0.0,503110.0,728775.0,137.0,0.0,1166,2441,82912.97,6438.42,1316,2821,93988.82,7365.35,7,4a762f02ca755b22d37393e8dbeab1a6,Apparel,Undergarments,"Google, Meta, Tiktok",US,US,USD,2023-09-11,111,0.7485107481711005,0.6631226582407957,0.9927088740980542,-0.12053668025532148,22525.0
0349b43cddf6e720b5d582afc8cd7fd6,2023,38,5815.93,0.0,8917.88,0.0,0.0,7053.349999999999,14270.69,2.34,0.0,1845.0,0.0,4864.0,0.0,0.0,8097.0,9797.0,0.0,0.0,4079.0,138.0,1687.0,10479.0,4341.0,5266.0,21021.0,0.0,236462.0,0.0,0.0,403318.0,790974.0,92.0,0.0,1203,2493,82173.20999999999,4989.78,1339,2854,92144.88,5492.6900000000005,7,4a762f02ca755b22d37393e8dbeab1a6,Apparel,Undergarments,"Google, Meta, Tiktok",US,US,USD,2023-09-18,112,0.8229838658936557,0.5680647467311569,0.9350162426854157,-0.3546048870425331,25990.0
0349b43cddf6e720b5d582afc8cd7fd6,2023,39,2907.9,0.0,7497.87,0.0,0.0,7528.5,13911.59,2.05,0.0,1199.0,0.0,4360.0,0.0,0.0,7741.0,7490.0,0.0,0.0,3443.0,157.0,1746.0,15330.0,7272.0,3836.0,12732.0,0.0,222089.0,0.0,0.0,397351.0,680556.0,175.0,0.0,1201,2516,85214.4,5252.26,1323,2763,92700.43,5714.7,7,4a762f02ca755b22d37393e8dbeab1a6,Apparel,Undergarments,"Google, Meta, Tiktok",US,US,USD,2023-09-25,113,0.8854560256532098,0.4647231720437687,0.8229838658936566,-0.5680647467311556,31784.0
0349b43cddf6e720b5d582afc8cd7fd6,2023,40,2758.19,0.0,8401.23,0.0,0.0,6809.72,14758.630000000001,1.55,0.0,1110.0,0.0,4525.0,0.0,0.0,7163.0,9476.0,0.0,0.0,3313.0,136.0,1633.0,8877.0,942.0,5478.0,12317.0,0.0,222019.0,0.0,0.0,362365.0,763917.0,108.0,0.0,1089,2334,77360.95,4701.64,1229,2639,86988.67,5315.36,7,4a762f02ca755b22d37393e8dbeab1a6,Apparel,Undergarments,"Google, Meta, Tiktok",US,US,USD,2023-10-02,114,0.9350162426854146,0.35460488704253623,0.6631226582407962,-0.7485107481711002,20379.0
0349b43cddf6e720b5d582afc8cd7fd6,2023,41,2826.85,0.0,7458.16,0.0,0.0,7072.23,14635.08,0.67,0.0,1104.0,0.0,4058.0,0.0,0.0,7732.0,9632.0,0.0,0.0,3346.0,130.0,1042.0,8197.0,794.0,3800.0,12691.0,0.0,197510.0,0.0,0.0,369876.0,781552.0,140.0,0.0,971,2056,67983.95999999999,4216.6,1096,2371,76664.51,4636.07,7,4a762f02ca755b22d37393e8dbeab1a6,Apparel,Undergarments,"Google, Meta, Tiktok",US,US,USD,2023-10-09,115,0.9709418174260521,0.23931566428755724,0.46472317204376756,-0.8854560256532105,17309.0
0349b43cddf6e720b5d582afc8cd7fd6,2023,42,1860.6,0.0,7469.53,0.0,0.0,7238.639999999999,13913.86,2.63,0.0,780.0,0.0,3793.0,0.0,0.0,7463.0,7348.0,0.0,0.0,4227.0,129.0,1049.0,14129.0,628.0,2038.0,9625.0,0.0,196437.0,0.0,0.0,400436.0,660928.0,161.0,0.0,822,1798,59034.15,4467.9,916,2072,66159.63,4784.8,7,4a762f02ca755b22d37393e8dbeab1a6,Apparel,Undergarments,"Google, Meta, Tiktok",US,US,USD,2023-10-16,116,0.992708874098054,0.12053668025532305,0.23931566428755777,-0.970941817426052,22200.0
0349b43cddf6e720b5d582afc8cd7fd6,2023,43,1386.76,0.0,8102.74,0.0,0.0,5839.05,9977.55,0.37,0.0,598.0,0.0,3944.0,0.0,0.0,5471.0,4781.0,0.0,0.0,2947.0,86.0,1063.0,12454.0,492.0,1376.0,7608.0,0.0,258997.0,0.0,0.0,321187.0,444359.0,96.0,0.0,760,1682,54852.479999999996,6197.7300000000005,845,1941,61932.41,6950.860000000001,7,4a762f02ca755b22d37393e8dbeab1a6,Apparel,Undergarments,"Google, Meta, Tiktok",US,US,USD,2023-10-23,117,1.0,5.51091059616309e-16,1.102182119232618e-15,-1.0,18418.0
0349b43cddf6e720b5d582afc8cd7fd6,2023,44,852.87,0.0,6339.139999999999,0.0,0.0,4726.34,8026.72,0.32,0.0,420.0,0.0,3026.0,0.0,0.0,4037.0,3428.0,0.0,0.0,2401.0,90.0,861.0,12288.0,445.0,2471.0,4583.0,0.0,154641.0,0.0,0.0,233183.0,323809.0,47.0,0.0,571,1235,40597.89,3242.42,639,1417,45986.22,3773.58,7,4a762f02ca755b22d37393e8dbeab1a6,Apparel,Undergarments,"Google, Meta, Tiktok",US,US,USD,2023-10-30,118,0.9927088740980541,-0.12053668025532197,-0.23931566428755563,-0.9709418174260526,18556.0
0349b43cddf6e720b5d582afc8cd7fd6,2023,45,462.14,0.0,4046.89,0.0,0.0,4179.8,7719.74,1.46,0.0,260.0,0.0,2524.0,0.0,0.0,3514.0,3372.0,0.0,0.0,2461.0,77.0,731.0,8065.0,622.0,1151.0,3152.0,0.0,121573.0,0.0,0.0,192298.0,293849.0,55.0,0.0,561,1236,40950.44,6221.37,661,1488,48055.020000000004,7437.66,7,4a762f02ca755b22d37393e8dbeab1a6,Apparel,Undergarments,"Google, Meta, Tiktok",US,US,USD,2023-11-06,119,0.9709418174260525,-0.23931566428755616,-0.4647231720437656,-0.8854560256532115,13107.0
0349b43cddf6e720b5d582afc8cd7fd6,2023,46,336.68,0.0,4463.78,0.0,0.0,3931.46,5107.98,1.32,0.0,198.0,0.0,2528.0,0.0,0.0,3629.0,2242.0,0.0,0.0,2116.0,103.0,763.0,11397.0,527.0,764.0,2818.0,0.0,132770.0,0.0,0.0,168894.0,184988.0,38.0,0.0,528,1141,37720.47,5533.52,608,1326,43564.74,6537.360000000001,7,4a762f02ca755b22d37393e8dbeab1a6,Apparel,Undergarments,"Google, Meta, Tiktok",US,US,USD,2023-11-13,120,0.9350162426854156,-0.35460488704253357,-0.6631226582407919,-0.748510748171104,15670.0
0349b43cddf6e720b5d582afc8cd7fd6,2023,47,269.14,0.0,3583.3,0.0,0.0,2979.29,4883.01,0.16,0.0,190.0,0.0,2079.0,0.0,0.0,2519.0,1790.0,0.0,0.0,2291.0,109.0,750.0,24268.0,1143.0,928.0,2930.0,0.0,96230.0,0.0,0.0,110199.0,130840.0,36.0,0.0,555,1082,37902.47,6898.99,701,1418,48743.39,9066.47,7,4a762f02ca755b22d37393e8dbeab1a6,Apparel,Undergarments,"Google, Meta, Tiktok",US,US,USD,2023-11-20,121,0.8854560256532096,-0.46472317204376923,-0.8229838658936574,-0.5680647467311545,29489.0
0349b43cddf6e720b5d582afc8cd7fd6,2023,48,478.08,0.0,3295.28,0.0,0.0,2413.24,4795.9400000000005,0.83,0.0,255.0,0.0,2240.0,0.0,0.0,2241.0,2490.0,0.0,0.0,2030.0,84.0,890.0,17768.0,944.0,721.0,3665.0,0.0,109655.0,0.0,0.0,96556.0,178085.0,14.0,0.0,445,851,30837.75,3970.06,589,1215,42444.9,5777.849999999999,7,4a762f02ca755b22d37393e8dbeab1a6,Apparel,Undergarments,"Google, Meta, Tiktok",US,US,USD,2023-11-27,122,0.8229838658936562,-0.568064746731156,-0.935016242685415,-0.3546048870425352,22437.0
0349b43cddf6e720b5d582afc8cd7fd6,2023,49,399.53,0.0,3585.09,0.0,0.0,2523.7200000000003,3683.52,0.08,0.0,251.0,0.0,2437.0,0.0,0.0,2458.0,2154.0,0.0,0.0,1955.0,87.0,855.0,2932.0,685.0,707.0,3757.0,0.0,112296.0,0.0,0.0,101801.0,133470.0,18.0,0.0,312,587,20913.83,745.9,363,747,25147.73,930.79,7,4a762f02ca755b22d37393e8dbeab1a6,Apparel,Undergarments,"Google, Meta, Tiktok",US,US,USD,2023-12-04,123,0.7485107481711013,-0.663122658240795,-0.992708874098054,-0.12053668025532366,7221.0
0349b43cddf6e720b5d582afc8cd7fd6,2023,50,250.98999999999998,0.0,2759.27,0.0,0.0,2238.46,2907.72,0.8400000000000001,0.0,167.0,0.0,1979.0,0.0,0.0,2125.0,1410.0,2.0,0.0,1714.0,33.0,824.0,4505.0,697.0,534.0,2880.0,0.0,94654.0,0.0,0.0,87674.0,93776.0,11.0,0.0,254,464,16869.12,626.51,312,603,21426.87,838.89,7,4a762f02ca755b22d37393e8dbeab1a6,Apparel,Undergarments,"Google, Meta, Tiktok",US,US,USD,2023-12-11,124,0.6631226582407959,-0.7485107481711005,-0.9927088740980542,0.12053668025532135,8307.0
0349b43cddf6e720b5d582afc8cd7fd6,2023,51,290.67,0.0,2378.98,0.0,0.0,1865.4,2574.98,0.32,115.6,199.0,0.0,1751.0,0.0,0.0,2374.0,1357.0,0.0,60.0,1541.0,20.0,857.0,11915.0,460.0,1691.0,2601.0,0.0,83979.0,0.0,0.0,92117.0,106983.0,28.0,18060.0,243,516,17942.33,2294.76,281,606,20677.43,2716.7,7,4a762f02ca755b22d37393e8dbeab1a6,Apparel,Undergarments,"Google, Meta, Tiktok",US,US,USD,2023-12-18,125,0.5680647467311569,-0.8229838658936556,-0.9350162426854158,0.354604887042533,16484.0
0349b43cddf6e720b5d582afc8cd7fd6,2023,52,208.22,0.0,1406.44,0.0,0.0,1695.33,2621.5,0.21,94.0,182.0,0.0,1480.0,0.0,0.0,2265.0,1539.0,0.0,0.0,1761.0,24.0,904.0,5895.0,631.0,413.0,2823.0,0.0,70382.0,0.0,0.0,96803.0,116178.0,6.0,7780.0,249,517,17838.03,1632.7,285,593,20164.87,1888.5,7,4a762f02ca755b22d37393e8dbeab1a6,Apparel,Undergarments,"Google, Meta, Tiktok",US,US,USD,2023-12-25,126,0.46472317204376873,-0.8854560256532098,-0.8229838658936566,0.5680647467311555,9628.0
0349b43cddf6e720b5d582afc8cd7fd6,2024,1,326.02,0.0,1602.45,0.0,0.0,1484.47,2463.18,0.03,0.0,232.0,0.0,1796.0,0.0,0.0,2216.0,1539.0,0.0,0.0,1796.0,26.0,887.0,1853.0,701.0,455.0,3198.0,0.0,68657.0,0.0,0.0,90259.0,112408.0,6.0,0.0,278,580,20285.149999999998,742.13,327,721,24046.39,850.9300000000001,7,4a762f02ca755b22d37393e8dbeab1a6,Apparel,Undergarments,"Google, Meta, Tiktok",US,US,USD,2024-01-01,127,0.3546048870425363,-0.9350162426854146,-0.6631226582407963,0.7485107481711002,5718.0
0349b43cddf6e720b5d582afc8cd7fd6,2024,2,428.44,0.0,2457.15,0.0,0.0,1642.51,2624.2,0.05,0.0,295.0,0.0,2255.0,0.0,0.0,2346.0,1690.0,0.0,0.0,1749.0,45.0,858.0,787.0,623.0,599.0,3585.0,0.0,90430.0,0.0,0.0,91286.0,116475.0,5.0,0.0,296,638,21186.18,1067.09,358,784,25942.34,1239.1399999999999,7,4a762f02ca755b22d37393e8dbeab1a6,Apparel,Undergarments,"Google, Meta, Tiktok",US,US,USD,2024-01-08,128,0.23931566428755902,-0.9709418174260517,-0.46472317204377084,0.8854560256532087,4661.0
0349b43cddf6e720b5d582afc8cd7fd6,2024,3,398.55,0.0,3004.1499999999996,0.0,0.0,2433.38,3462.88,0.08,0.0,304.0,0.0,2698.0,0.0,0.0,3796.0,2585.0,0.0,0.0,1923.0,36.0,925.0,1682.0,748.0,1725.0,4088.0,0.0,108339.0,0.0,0.0,135847.0,167546.0,11.0,0.0,360,651,23636.08,1073.6100000000001,431,834,28853.2,1312.17,7,4a762f02ca755b22d37393e8dbeab1a6,Apparel,Undergarments,"Google, Meta, Tiktok",US,US,USD,2024-01-15,129,0.12053668025532488,-0.9927088740980538,-0.23931566428756135,0.9709418174260511,7039.0
0349b43cddf6e720b5d582afc8cd7fd6,2024,4,539.51,0.0,3701.8,0.0,0.0,2935.9900000000002,5309.62,0.09,0.0,349.0,0.0,2867.0,0.0,0.0,4386.0,3688.0,0.0,0.0,2355.0,37.0,1080.0,2229.0,906.0,2147.0,4910.0,0.0,122836.0,0.0,0.0,153075.0,242317.0,26.0,0.0,431,881,29812.96,1198.76,504,1122,36215.42,1504.88,7,4a762f02ca755b22d37393e8dbeab1a6,Apparel,Undergarments,"Google, Meta, Tiktok",US,US,USD,2024-01-22,130,6.123233995736766e-16,-1.0,-1.2246467991473533e-15,1.0,8754.0
0349b43cddf6e720b5d582afc8cd7fd6,2024,5,666.13,0.0,3610.7,0.0,0.0,4903.35,3811.1,0.51,0.0,408.0,0.0,2937.0,0.0,0.0,5742.0,2819.0,1.0,0.0,2237.0,59.0,1098.0,1504.0,3273.0,2244.0,5046.0,0.0,122604.0,0.0,0.0,242266.0,161712.0,74.0,0.0,462,937,32110.5,1534.76,538,1214,39083.56,1693.0,7,4a762f02ca755b22d37393e8dbeab1a6,Apparel,Undergarments,"Google, Meta, Tiktok",US,US,USD,2024-01-29,131,-0.12053668025532366,-0.992708874098054,0.23931566428755896,0.9709418174260517,10415.0
0349b43cddf6e720b5d582afc8cd7fd6,2024,6,471.07,0.0,3531.8999999999996,0.0,0.0,5268.92,3348.7200000000003,1.22,0.0,279.0,0.0,2867.0,0.0,0.0,6638.0,2964.0,0.0,0.0,2588.0,58.0,1112.0,388.0,2325.0,2032.0,4017.0,0.0,122952.0,0.0,0.0,240398.0,137947.0,103.0,0.0,403,764,27489.7,1020.0899999999999,473,926,32441.73,1159.87,7,4a762f02ca755b22d37393e8dbeab1a6,Apparel,Undergarments,"Google, Meta, Tiktok",US,US,USD,2024-02-05,132,-0.23931566428755782,-0.970941817426052,0.4647231720437687,0.8854560256532098,8503.0
0349b43cddf6e720b5d582afc8cd7fd6,2024,7,992.81,0.0,3143.71,0.0,0.0,5043.0,4146.0199999999995,1.22,0.0,476.0,0.0,2806.0,0.0,0.0,6237.0,3102.0,0.0,0.0,3117.0,130.0,983.0,437.0,1552.0,3066.0,6161.0,0.0,167889.0,0.0,0.0,224466.0,161171.0,174.0,0.0,411,786,27463.260000000002,1337.99,471,942,32180.25,1420.28,7,4a762f02ca755b22d37393e8dbeab1a6,Apparel,Undergarments,"Google, Meta, Tiktok",US,US,USD,2024-02-12,133,-0.3546048870425352,-0.935016242685415,0.6631226582407945,0.7485107481711017,9285.0
0349b43cddf6e720b5d582afc8cd7fd6,2024,8,889.41,0.0,3249.77,0.0,0.0,5017.83,4228.51,1.9700000000000002,0.0,458.0,0.0,2892.0,0.0,0.0,7125.0,3298.0,0.0,0.0,2841.0,481.0,1107.0,203.0,782.0,1641.0,6533.0,0.0,199677.0,0.0,0.0,240198.0,171514.0,250.0,0.0,481,983,31437.27,1239.24,547,1156,36443.17,1421.71,7,4a762f02ca755b22d37393e8dbeab1a6,Apparel,Undergarments,"Google, Meta, Tiktok",US,US,USD,2024-02-19,134,-0.4647231720437692,-0.8854560256532096,0.8229838658936572,0.5680647467311546,7055.0
0349b43cddf6e720b5d582afc8cd7fd6,2024,9,933.97,0.0,2962.48,0.0,0.0,5343.38,4618.55,2.66,0.0,511.0,0.0,2801.0,0.0,0.0,7668.0,3775.0,0.0,0.0,3475.0,536.0,1229.0,517.0,818.0,1609.0,6431.0,0.0,180918.0,0.0,0.0,276468.0,187849.0,237.0,0.0,461,940,35753.979999999996,1720.1200000000001,537,1220,43046.24,1936.99,7,4a762f02ca755b22d37393e8dbeab1a6,Apparel,Undergarments,"Google, Meta, Tiktok",US,US,USD,2024-02-26,135,-0.5680647467311545,-0.8229838658936574,0.9350162426854137,0.3546048870425386,8184.0
0349b43cddf6e720b5d582afc8cd7fd6,2024,10,716.37,0.0,4092.31,0.0,0.0,6007.83,4928.15,1.27,0.0,352.0,0.0,3559.0,0.0,0.0,10453.0,4076.0,2.0,0.0,3359.0,555.0,1264.0,600.0,946.0,4556.0,4366.0,0.0,209712.0,0.0,0.0,323938.0,204959.0,139.0,0.0,557,1083,38166.39,2280.42,655,1325,45917.51,2908.81,7,4a762f02ca755b22d37393e8dbeab1a6,Apparel,Undergarments,"Google, Meta, Tiktok",US,US,USD,2024-03-04,136,-0.663122658240795,-0.7485107481711013,0.9927088740980539,0.12053668025532378,11280.0
0349b43cddf6e720b5d582afc8cd7fd6,2024,11,342.51,0.0,4997.72,0.0,0.0,6003.74,4992.67,2.34,450.08000000000004,171.0,0.0,4028.0,0.0,0.0,7973.0,3633.0,1.0,96.0,3159.0,712.0,1494.0,432.0,1020.0,3560.0,1756.0,0.0,252647.0,0.0,0.0,301024.0,195323.0,191.0,33552.0,572,1058,39107.86,2450.41,655,1261,45121.22,2744.82,7,4a762f02ca755b22d37393e8dbeab1a6,Apparel,Undergarments,"Google, Meta, Tiktok",US,US,USD,2024-03-11,137,-0.7485107481711016,-0.6631226582407945,0.9927088740980538,-0.12053668025532475,10377.0
0349b43cddf6e720b5d582afc8cd7fd6,2024,12,175.4,0.0,5814.95,0.0,0.0,8490.03,6107.7699999999995,1.24,887.84,188.0,0.0,4183.0,0.0,0.0,9515.0,3854.0,0.0,144.0,3099.0,615.0,1598.0,25857.0,923.0,5644.0,2516.0,0.0,269398.0,0.0,0.0,384536.0,213888.0,153.0,44336.0,620,1282,46468.270000000004,2411.2999999999997,694,1544,53295.07,2823.7400000000002,7,4a762f02ca755b22d37393e8dbeab1a6,Apparel,Undergarments,"Google, Meta, Tiktok",US,US,USD,2024-03-18,138,-0.8229838658936556,-0.568064746731157,0.9350162426854158,-0.3546048870425329,37736.0
0349b43cddf6e720b5d582afc8cd7fd6,2024,13,3504.43,0.0,7183.3,0.0,0.0,16345.619999999999,10774.12,20.919999999999998,693.28,1331.0,0.0,4709.0,0.0,0.0,18040.0,7069.0,2.0,112.0,5665.0,683.0,1476.0,440.0,1126.0,5187.0,17176.0,0.0,319317.0,0.0,0.0,804683.0,375945.0,586.0,29008.0,851,1734,61438.14,3075.57,940,1954,68406.55,3497.03,7,4a762f02ca755b22d37393e8dbeab1a6,Apparel,Undergarments,"Google, Meta, Tiktok",US,US,USD,2024-03-25,139,-0.8854560256532098,-0.4647231720437688,0.8229838658936567,-0.5680647467311554,14577.0
0349b43cddf6e720b5d582afc8cd7fd6,2024,14,3619.4900000000002,0.0,8406.08,0.0,0.0,15773.3,4860.37,3.48,702.72,1597.0,0.0,5966.0,0.0,0.0,15789.0,3509.0,1.0,144.0,4838.0,748.0,1696.0,1579.0,1113.0,7491.0,20541.0,0.0,421459.0,0.0,0.0,807892.0,174080.0,404.0,36624.0,915,1839,66821.09,3955.83,1022,2068,74063.82,4284.17,7,4a762f02ca755b22d37393e8dbeab1a6,Apparel,Undergarments,"Google, Meta, Tiktok",US,US,USD,2024-04-01,140,-0.935016242685414,-0.354604887042538,0.6631226582407991,-0.7485107481710978,17465.0
0349b43cddf6e720b5d582afc8cd7fd6,2024,15,1596.95,0.0,11247.43,0.0,0.0,9926.98,3903.27,1.3399999999999999,1750.82,852.0,0.0,6747.0,0.0,0.0,10842.0,3734.0,0.0,654.0,4005.0,884.0,1941.0,2089.0,1098.0,5657.0,12170.0,0.0,501772.0,0.0,0.0,485370.0,171201.0,150.0,93495.0,980,1912,69119.93,3512.62,1084,2165,76831.76,3820.7000000000003,7,4a762f02ca755b22d37393e8dbeab1a6,Apparel,Undergarments,"Google, Meta, Tiktok",US,US,USD,2024-04-08,141,-0.9709418174260517,-0.23931566428755907,0.46472317204377095,-0.8854560256532087,15674.0
0349b43cddf6e720b5d582afc8cd7fd6,2024,16,2809.71,0.0,18619.47,0.0,0.0,18275.52,9109.05,6.68,516.15,1259.0,0.0,8063.0,0.0,0.0,20359.0,7595.0,2.0,176.0,5129.0,1166.0,2072.0,1242.0,3885.0,7382.0,17834.0,0.0,743092.0,0.0,0.0,758995.0,338243.0,444.0,24711.0,1192,2344,83423.94,4277.63,1326,2677,93353.01000000001,4724.01,7,4a762f02ca755b22d37393e8dbeab1a6,Apparel,Undergarments,"Google, Meta, Tiktok",US,US,USD,2024-04-15,142,-0.992708874098054,-0.12053668025532317,0.23931566428755802,-0.970941817426052,20876.0
0349b43cddf6e720b5d582afc8cd7fd6,2024,17,2591.98,0.0,18257.35,0.0,0.0,21012.83,12248.9,3.81,448.23,1123.0,0.0,7736.0,0.0,0.0,19552.0,7561.0,3.0,162.0,4892.0,1038.0,2274.0,1441.0,1377.0,6760.0,17365.0,0.0,762967.0,0.0,0.0,745894.0,402107.0,398.0,17342.0,1148,2311,82025.17,4157.24,1301,2700,93499.45,4764.49,7,4a762f02ca755b22d37393e8dbeab1a6,Apparel,Undergarments,"Google, Meta, Tiktok",US,US,USD,2024-04-22,143,-1.0,1.1028010998692062e-15,-2.2056021997384123e-15,-1.0,17782.0
0349b43cddf6e720b5d582afc8cd7fd6,2024,18,3807.71,0.0,22468.32,0.0,0.0,14930.16,16035.33,3.04,1046.9099999999999,1478.0,0.0,8538.0,0.0,0.0,15679.0,9544.0,0.0,355.0,4380.0,1073.0,2402.0,941.0,1046.0,5924.0,24015.0,0.0,770572.0,0.0,0.0,632153.0,604798.0,451.0,41983.0,1171,2349,83064.09,4399.8,1327,2703,94550.76,5061.14,7,4a762f02ca755b22d37393e8dbeab1a6,Apparel,Undergarments,"Google, Meta, Tiktok",US,US,USD,2024-04-29,144,-0.9927088740980542,0.12053668025532184,-0.23931566428755538,-0.9709418174260526,15766.0
0349b43cddf6e720b5d582afc8cd7fd6,2024,19,4449.28,0.0,22164.07,0.0,0.0,14708.94,14251.05,2.83,1064.5,1724.0,0.0,8360.0,0.0,0.0,12564.0,7823.0,4.0,469.0,4405.0,1039.0,2295.0,2114.0,978.0,5864.0,27365.0,0.0,823010.0,0.0,0.0,635968.0,550662.0,438.0,48545.0,1336,2706,95302.66,6253.42,1515,3182,109758.02,7385.12,7,4a762f02ca755b22d37393e8dbeab1a6,Apparel,Undergarments,"Google, Meta, Tiktok",US,US,USD,2024-05-06,145,-0.970941817426052,0.23931566428755777,-0.46472317204376856,-0.8854560256532099,16695.0
0349b43cddf6e720b5d582afc8cd7fd6,2024,20,3304.83,0.0,22523.510000000002,0.0,0.0,13993.220000000001,14630.23,5.59,1017.94,1331.0,0.0,8663.0,0.0,0.0,11051.0,7416.0,9.0,432.0,5088.0,1090.0,2343.0,1752.0,1185.0,6822.0,22839.0,0.0,820736.0,0.0,0.0,502739.0,501774.0,614.0,54538.0,1205,2472,86700.19,3530.26,1374,2947,100041.0,4006.4,7,4a762f02ca755b22d37393e8dbeab1a6,Apparel,Undergarments,"Google, Meta, Tiktok",US,US,USD,2024-05-13,146,-0.9350162426854156,0.35460488704253346,-0.6631226582407918,-0.7485107481711042,18280.0
